id_img,label
10004,happy
10019,sad
10023,angry
10029,angry
1003,sad
10031,sad
10033,neutral
10043,happy
10044,sad
10048,happy
10052,happy
10053,sad
10056,surprise
10065,fear
10068,surprise
10073,fear
10074,happy
10079,angry
1008,neutral
10095,angry
10096,happy
10097,fear
10099,neutral
101,neutral
10106,happy
10114,fear
10116,sad
10117,sad
10118,neutral
10121,angry
10126,fear
10134,fear
10138,happy
10141,surprise
10148,happy
10150,happy
10162,fear
10163,happy
10171,happy
10172,sad
10176,happy
10185,surprise
10189,happy
1020,fear
10215,sad
10218,neutral
1022,sad
10237,happy
1024,sad
10246,sad
10247,angry
10248,happy
10252,sad
10257,happy
10259,surprise
1026,sad
10263,neutral
10266,neutral
10267,angry
10268,happy
1027,happy
10273,neutral
10276,happy
10278,angry
10286,angry
10292,neutral
10306,surprise
10312,happy
10315,angry
10317,happy
1033,surprise
10336,happy
10338,angry
10339,sad
10344,angry
10346,angry
10352,sad
10355,fear
10362,happy
10365,surprise
10367,happy
10370,happy
10371,angry
10372,surprise
10375,fear
10382,happy
10383,happy
10386,fear
10399,fear
10406,happy
10409,happy
10415,neutral
10423,sad
10425,fear
10426,angry
10432,happy
10435,angry
10437,fear
10443,angry
10444,surprise
10445,neutral
1045,fear
10455,fear
10456,neutral
10458,fear
10467,happy
10468,sad
10480,sad
10489,fear
10493,fear
10512,neutral
10518,neutral
10528,happy
10532,happy
10533,neutral
10534,fear
10535,angry
10540,happy
10545,surprise
10549,sad
10551,angry
10552,happy
10554,happy
1056,angry
10561,sad
10571,sad
1058,angry
10583,angry
10607,angry
10620,neutral
10622,happy
10624,neutral
10625,fear
10634,fear
10638,angry
10640,sad
10644,happy
10647,happy
10653,angry
10655,happy
10676,angry
10683,happy
10686,neutral
10693,angry
10694,fear
10699,angry
10701,surprise
10702,neutral
10703,sad
1071,sad
10713,neutral
10715,sad
10734,surprise
1074,surprise
10741,sad
10743,angry
10746,angry
1075,angry
10755,sad
10758,fear
10768,surprise
10769,happy
10770,neutral
10773,happy
10774,neutral
1078,sad
10787,neutral
1079,sad
10792,surprise
10797,fear
10800,neutral
1081,happy
10811,neutral
10813,fear
10818,neutral
10820,surprise
10823,neutral
10825,angry
10832,happy
10837,neutral
10839,angry
10841,happy
10854,angry
10866,surprise
10871,angry
10879,happy
10881,sad
10902,sad
10903,neutral
10906,happy
10909,happy
10916,angry
10919,fear
10926,sad
1093,neutral
10931,surprise
10933,fear
10935,angry
1094,fear
10944,happy
10950,surprise
10956,happy
10968,fear
10970,neutral
10979,sad
10992,happy
11000,angry
11002,angry
1101,neutral
11017,angry
11019,happy
11022,happy
11024,happy
11025,surprise
11026,neutral
11028,neutral
11030,happy
11031,neutral
11032,surprise
11034,neutral
11036,surprise
11038,angry
11039,neutral
11043,neutral
11054,surprise
11055,happy
11057,neutral
1106,happy
11065,sad
1107,neutral
11075,angry
11093,happy
11096,angry
11098,neutral
11100,happy
11104,happy
11108,fear
1111,angry
11112,neutral
11126,fear
11130,fear
11137,surprise
11138,neutral
11139,surprise
11140,happy
11143,fear
11146,sad
1115,disgust
11150,happy
11158,neutral
1116,surprise
11163,sad
11168,happy
11169,happy
1118,surprise
11180,happy
11186,angry
11188,sad
11192,fear
112,surprise
11200,sad
11208,sad
11209,happy
1121,happy
11213,neutral
11218,sad
11222,disgust
11233,neutral
11234,fear
11236,sad
1124,angry
11241,sad
11251,sad
1126,happy
11264,sad
11266,fear
11269,neutral
1127,angry
11277,sad
11278,sad
1128,surprise
11280,sad
11284,neutral
11295,sad
1130,fear
11302,fear
11316,neutral
11317,neutral
1133,neutral
11337,angry
11342,angry
11345,sad
11346,angry
11349,happy
11353,surprise
11358,angry
11360,happy
1137,neutral
11381,happy
11390,sad
11392,happy
11395,neutral
11398,neutral
11400,angry
1141,happy
11412,fear
11414,surprise
11416,fear
11418,sad
1142,sad
11421,surprise
11429,surprise
11448,sad
11451,fear
11462,fear
11466,surprise
11467,sad
11471,angry
1148,sad
11491,neutral
115,sad
11500,happy
11508,neutral
11516,fear
11518,neutral
1152,happy
11523,sad
11529,disgust
11530,happy
11536,neutral
1154,sad
11549,sad
11552,happy
11558,happy
11559,neutral
1156,fear
11560,neutral
11561,sad
11573,surprise
11575,happy
11581,sad
11582,neutral
11587,angry
11588,happy
11589,happy
1159,fear
11594,happy
11601,sad
11603,neutral
11604,sad
11610,angry
11613,happy
11614,happy
11626,happy
11632,sad
11637,happy
11639,disgust
11640,happy
11642,angry
11646,angry
11653,fear
11654,sad
11658,happy
11660,happy
11662,neutral
11670,surprise
11675,angry
11682,fear
11686,sad
11687,sad
11689,surprise
1169,neutral
11694,angry
11704,neutral
11706,neutral
11717,happy
11721,surprise
11722,sad
11725,angry
11727,neutral
11729,sad
1173,fear
11733,happy
11738,sad
11746,sad
11747,happy
11754,happy
1176,fear
11763,happy
11766,happy
1177,angry
11772,happy
11774,neutral
11783,happy
11785,happy
11786,surprise
11790,sad
11793,happy
11794,fear
11808,happy
11813,angry
11814,happy
11816,fear
11818,sad
11819,happy
11823,angry
11834,neutral
11835,fear
11836,sad
11841,angry
11842,fear
11848,surprise
11849,angry
11850,angry
11855,happy
11865,sad
11867,neutral
11872,surprise
11875,sad
11876,sad
11880,neutral
11883,fear
11885,happy
11889,neutral
1189,happy
11891,sad
11902,surprise
11904,surprise
11909,angry
11913,happy
11927,happy
11928,fear
1193,surprise
11944,surprise
11949,angry
11964,sad
11966,sad
11968,fear
11977,happy
11978,sad
1198,fear
11986,angry
11999,sad
12011,happy
1202,sad
12024,sad
12040,happy
12042,neutral
1206,angry
12063,sad
12074,fear
12086,angry
12090,neutral
12092,sad
12096,neutral
12098,angry
12100,sad
12106,sad
12107,surprise
12113,sad
12116,sad
12117,neutral
12119,sad
12120,happy
12125,fear
12129,neutral
12131,fear
12134,surprise
12136,neutral
12141,happy
12144,sad
1215,sad
12162,sad
12171,happy
12173,sad
12183,angry
12190,neutral
12191,happy
1220,sad
12202,neutral
12215,sad
1222,fear
12230,angry
12237,angry
12239,happy
12246,angry
12255,happy
12257,happy
12259,happy
12267,angry
1227,neutral
12272,sad
12284,happy
12289,surprise
12307,sad
12312,surprise
12313,surprise
12318,fear
12319,fear
12320,happy
12321,happy
12329,happy
12334,angry
12338,surprise
12349,fear
1235,fear
12350,neutral
12352,fear
12359,happy
12361,sad
12363,happy
12364,sad
12366,sad
12376,happy
12379,happy
12381,angry
12383,happy
1239,angry
12407,neutral
12410,sad
12417,disgust
12423,neutral
12431,neutral
12440,fear
1246,happy
12463,angry
12470,fear
12472,neutral
1248,neutral
12487,sad
12489,sad
1249,surprise
12492,neutral
12496,surprise
12497,surprise
12498,angry
12500,sad
12504,angry
12508,fear
12512,sad
12519,angry
12524,happy
12527,fear
12529,fear
12547,sad
12551,neutral
12557,happy
12560,happy
12567,surprise
12569,fear
12578,angry
12581,happy
12591,neutral
12592,fear
12594,fear
12600,sad
12611,happy
12621,sad
12626,sad
12634,angry
1264,neutral
12647,surprise
12648,sad
12659,neutral
12661,sad
12672,happy
12674,surprise
12676,angry
12680,angry
12684,happy
12695,angry
12698,fear
12702,neutral
12705,angry
12712,fear
12723,surprise
12725,happy
12729,neutral
12733,fear
12737,fear
12748,surprise
12753,sad
12758,neutral
12768,surprise
12772,fear
12776,happy
12789,happy
12791,sad
12801,fear
12808,angry
12809,angry
12810,sad
12818,sad
12827,sad
12841,happy
12842,neutral
12851,angry
12852,sad
12861,happy
12869,neutral
12879,happy
12885,angry
12891,sad
12899,fear
12903,happy
12904,happy
12924,happy
12928,surprise
12933,sad
12936,surprise
12945,angry
12948,surprise
12951,happy
12956,happy
12957,happy
12958,neutral
12960,surprise
12973,surprise
12976,neutral
1298,neutral
12986,fear
12988,sad
1300,sad
13000,angry
13009,neutral
13027,sad
13029,angry
13037,fear
13041,fear
13047,sad
13051,neutral
13057,sad
13059,neutral
13067,neutral
13071,sad
13073,happy
13080,surprise
1309,happy
13091,neutral
13092,neutral
131,neutral
13101,surprise
13105,happy
13108,sad
13114,sad
13118,fear
13121,neutral
13127,neutral
1313,neutral
13139,happy
13145,fear
13150,sad
13151,sad
13152,fear
1316,happy
13161,neutral
13162,sad
13164,neutral
13167,angry
13169,happy
13179,neutral
13180,fear
13187,sad
13188,fear
13203,happy
13204,happy
13205,surprise
13212,happy
13220,sad
13228,happy
13230,surprise
13233,fear
13237,fear
13242,fear
1325,neutral
13250,angry
13252,happy
13267,happy
13279,neutral
1328,sad
13283,happy
13288,surprise
13293,happy
13296,sad
13301,sad
13306,fear
13308,fear
13310,angry
13317,angry
13322,happy
13334,sad
13337,fear
13339,sad
1334,neutral
13348,happy
13351,angry
13353,happy
1336,happy
13362,happy
13363,fear
13366,angry
13372,fear
13376,fear
13380,sad
13385,angry
1339,neutral
13394,neutral
13395,neutral
1340,angry
13405,fear
13409,fear
1341,happy
13411,neutral
13421,neutral
13424,neutral
13427,happy
13428,happy
1343,happy
13430,neutral
13431,sad
13433,fear
13441,sad
13449,neutral
13456,angry
13460,surprise
13467,fear
13476,fear
13482,fear
13483,sad
13486,sad
13488,happy
13498,neutral
135,neutral
1350,angry
13502,happy
13505,happy
13510,sad
13514,sad
13518,angry
13521,surprise
13526,happy
13528,neutral
1353,sad
13531,fear
13533,surprise
13535,angry
13549,surprise
13561,fear
13562,sad
13570,happy
13575,sad
1358,angry
13582,sad
13584,happy
13585,angry
13586,angry
13587,fear
13590,happy
13593,fear
13596,fear
13597,fear
13598,angry
13599,neutral
13603,sad
13607,angry
13615,neutral
13618,happy
13619,sad
13622,surprise
13631,neutral
13633,angry
13638,neutral
1364,happy
13644,sad
13652,angry
13653,neutral
13655,happy
13664,surprise
13666,sad
1367,fear
13670,neutral
13671,fear
13672,fear
13683,angry
13684,neutral
13692,happy
13694,surprise
13695,neutral
13703,happy
13706,happy
13714,sad
13715,happy
13726,sad
13738,angry
13740,sad
13757,happy
13758,sad
1376,neutral
13761,angry
13792,angry
13793,sad
13798,fear
13800,sad
13801,neutral
13802,happy
13808,fear
1381,happy
13812,sad
13825,surprise
13833,fear
13834,happy
13837,surprise
13843,sad
13847,angry
13848,happy
13852,sad
13855,neutral
1386,angry
13870,neutral
13874,happy
13876,surprise
13877,happy
13888,sad
1389,sad
13890,neutral
13897,neutral
13899,neutral
139,happy
13907,fear
13909,sad
13911,angry
13912,neutral
13913,surprise
13921,fear
13925,happy
13928,angry
13933,fear
13939,surprise
13940,sad
1395,sad
13955,sad
13965,angry
13968,surprise
13969,happy
13971,fear
13978,angry
13979,happy
13983,neutral
13991,neutral
1401,neutral
14011,surprise
14022,angry
14030,surprise
14033,fear
14037,fear
14041,surprise
14044,neutral
14047,neutral
14048,fear
14057,fear
14058,neutral
14063,happy
1407,neutral
14070,happy
14080,surprise
14082,fear
14091,disgust
14092,happy
141,happy
1410,surprise
14106,neutral
14108,angry
1411,neutral
14113,neutral
14114,fear
14115,surprise
14117,fear
14118,fear
14120,angry
14122,surprise
14127,neutral
14135,fear
14136,sad
14139,angry
14148,neutral
14152,happy
14154,neutral
14155,fear
14169,happy
14170,neutral
14174,neutral
14175,sad
14185,neutral
14187,neutral
14190,happy
1420,fear
14206,angry
14208,sad
1422,sad
14224,happy
14226,sad
14236,happy
14243,angry
14250,sad
14268,fear
14278,happy
14282,neutral
1429,surprise
14292,happy
14305,surprise
14306,happy
14310,happy
14314,happy
14315,surprise
14327,happy
14329,angry
14331,surprise
14342,neutral
14346,neutral
14348,fear
14352,neutral
14357,angry
14360,happy
14362,neutral
14371,happy
14375,surprise
14376,angry
14378,happy
1438,sad
14381,sad
14384,sad
14388,neutral
14406,neutral
1441,fear
14419,neutral
14421,angry
14427,happy
14436,sad
14438,sad
14444,neutral
14448,neutral
14452,fear
14459,angry
14464,happy
14472,happy
14473,happy
14474,sad
14475,fear
14481,angry
14484,sad
14487,fear
1449,surprise
14494,angry
14495,surprise
14496,neutral
14498,angry
14505,sad
14509,angry
14513,sad
14516,happy
14517,sad
14518,neutral
14522,neutral
14524,sad
14529,angry
14542,neutral
14546,happy
14550,sad
14551,fear
14557,neutral
14561,happy
14564,sad
1457,surprise
14572,angry
14574,fear
14578,sad
14586,neutral
14593,happy
1460,angry
14605,sad
14611,happy
14620,angry
14637,fear
14641,neutral
14645,happy
14647,surprise
1465,happy
14671,neutral
14682,sad
14691,happy
14696,fear
14697,surprise
14700,happy
14703,neutral
14706,angry
14717,neutral
14722,neutral
14729,sad
14730,happy
1474,sad
14741,neutral
14744,sad
14747,happy
14757,happy
14759,neutral
1477,angry
14775,neutral
14786,fear
14789,fear
14792,happy
14798,sad
148,neutral
1482,neutral
14821,happy
14831,neutral
14835,angry
14836,angry
1485,surprise
14859,neutral
14867,neutral
14869,fear
14870,angry
14877,happy
14891,angry
1491,happy
14914,surprise
14927,happy
14929,angry
1493,happy
14945,angry
14954,neutral
14957,sad
14958,disgust
14965,happy
14968,surprise
14973,happy
14980,sad
14987,neutral
15001,sad
15007,neutral
15008,fear
15012,angry
15013,neutral
15034,fear
15037,surprise
15039,neutral
15040,fear
15044,angry
15047,surprise
15052,happy
1506,neutral
15060,happy
15070,neutral
15074,fear
15077,happy
15078,fear
1508,angry
15088,sad
15090,sad
15099,happy
15101,fear
15102,neutral
15106,sad
15110,neutral
1512,neutral
15120,angry
15121,fear
15129,sad
15132,happy
15134,fear
15138,angry
15145,neutral
15147,neutral
1515,fear
15167,happy
15168,neutral
15169,sad
15172,angry
15179,surprise
15181,happy
15190,angry
15191,happy
15192,angry
15193,neutral
15194,angry
15198,happy
15207,happy
15208,fear
15210,sad
15212,happy
15216,neutral
15217,fear
15220,happy
15221,happy
15222,angry
15229,happy
15238,surprise
15244,fear
15248,surprise
15257,happy
15260,fear
15263,surprise
15268,happy
15269,neutral
15271,happy
15279,sad
15280,sad
15289,sad
15292,happy
15293,neutral
15294,sad
15295,sad
15310,neutral
15323,happy
15331,happy
15333,neutral
15334,sad
15335,angry
1534,happy
15350,surprise
15354,surprise
1536,neutral
15365,fear
15366,neutral
15373,sad
15378,fear
1538,happy
15383,fear
15387,fear
15397,angry
15400,happy
15405,angry
15409,happy
15416,surprise
15426,neutral
15432,fear
15436,sad
15438,happy
15441,surprise
15443,happy
15445,neutral
15447,neutral
15454,surprise
15455,happy
15459,angry
15462,sad
15467,surprise
15468,fear
15474,sad
15484,neutral
15486,surprise
15487,surprise
1549,fear
15494,angry
15500,sad
15502,neutral
15503,happy
15518,happy
15520,neutral
15523,happy
15524,surprise
15527,surprise
15529,sad
15533,surprise
15534,fear
15535,fear
15536,neutral
15539,neutral
15544,surprise
1555,neutral
15562,angry
15565,happy
15568,happy
15570,angry
15578,surprise
15580,neutral
15589,happy
15592,happy
1560,sad
15611,happy
15613,fear
15615,surprise
15616,happy
15621,happy
15622,sad
15628,surprise
15634,surprise
15635,happy
15637,sad
15638,angry
15642,sad
15644,surprise
15651,sad
15654,angry
15657,sad
15663,sad
15668,sad
15677,happy
15678,angry
15686,fear
15696,neutral
15697,sad
15699,neutral
157,disgust
15708,happy
15709,sad
15712,angry
15713,neutral
15715,neutral
15716,sad
15717,sad
1572,happy
15721,neutral
15725,angry
1575,happy
15758,neutral
1576,happy
15767,happy
15771,happy
15778,fear
15788,sad
15791,surprise
15795,angry
15802,happy
1582,happy
15820,sad
15821,neutral
15824,neutral
1583,neutral
15835,angry
1584,angry
15843,angry
15847,neutral
15848,angry
15854,happy
15859,neutral
15867,neutral
15870,fear
15881,angry
15885,sad
15890,neutral
15897,neutral
15904,angry
15909,disgust
15910,happy
15919,angry
15921,fear
15922,surprise
15929,happy
15932,angry
15941,sad
15944,neutral
15950,sad
15954,sad
15963,happy
15966,fear
15976,happy
15979,sad
15983,neutral
15984,fear
1599,neutral
15999,happy
16003,fear
16010,sad
16019,fear
16021,disgust
16033,neutral
16037,happy
16039,fear
16042,happy
16053,happy
16054,disgust
16056,happy
1606,disgust
16064,happy
16071,fear
16075,happy
16076,happy
16081,happy
16087,sad
16094,neutral
16101,neutral
16102,happy
16106,sad
16108,happy
16110,angry
16113,sad
16120,happy
16121,disgust
16125,sad
16133,surprise
16134,fear
16141,happy
16143,neutral
16151,happy
16169,fear
16172,surprise
16192,angry
16196,neutral
16198,happy
16208,sad
16222,happy
16226,sad
16229,surprise
16233,angry
16237,angry
16238,happy
16257,neutral
16264,angry
16275,happy
16277,fear
1628,happy
16280,fear
16287,happy
16292,angry
16304,sad
16308,happy
16318,fear
16324,neutral
16329,neutral
16330,happy
16338,fear
16346,fear
16350,happy
16363,happy
16370,happy
16374,fear
16375,happy
16380,angry
16387,fear
16388,fear
16389,happy
16395,sad
16396,fear
1640,happy
16405,sad
16406,angry
16407,angry
16410,happy
16413,fear
16415,fear
16419,neutral
16423,sad
16428,sad
16429,neutral
16440,neutral
16441,sad
16443,happy
16444,happy
1645,angry
16450,surprise
16460,angry
16463,happy
16464,happy
16475,sad
16476,fear
16478,angry
16486,fear
16489,neutral
16501,neutral
16503,sad
16506,happy
16507,neutral
16508,sad
16510,angry
16511,fear
16523,happy
16530,surprise
16535,angry
16539,sad
1654,fear
16550,happy
16557,sad
16558,fear
16559,angry
1656,neutral
16562,sad
16565,sad
16569,sad
1657,neutral
16570,fear
16575,sad
16583,happy
16588,sad
16596,angry
1660,angry
16604,happy
16609,angry
16611,happy
16619,sad
16632,happy
16633,happy
16643,sad
16645,happy
16646,angry
16649,happy
16659,sad
16666,surprise
16667,happy
16674,fear
16681,angry
16685,neutral
1669,neutral
16696,neutral
16699,happy
167,happy
1670,neutral
16700,happy
16706,sad
16710,sad
16711,happy
16712,sad
16714,fear
16718,disgust
1672,fear
16721,fear
16734,happy
16738,happy
1675,sad
16751,happy
16752,sad
16756,sad
16759,neutral
16764,fear
16768,angry
16770,happy
16774,sad
16775,surprise
16776,happy
1678,neutral
16783,angry
16787,neutral
16788,fear
16792,angry
16795,happy
16798,sad
16799,happy
16802,angry
16809,happy
16811,fear
16817,neutral
16818,happy
16821,sad
16823,neutral
16829,surprise
1683,sad
16830,angry
16837,surprise
16839,sad
16845,neutral
1685,neutral
16860,surprise
16863,neutral
16875,angry
1688,angry
16886,surprise
16890,happy
16895,sad
16901,neutral
16915,sad
16930,happy
16938,sad
16947,surprise
16952,happy
16954,neutral
16959,happy
16962,neutral
16964,happy
16967,angry
16969,fear
16971,sad
16977,neutral
16980,surprise
16985,neutral
16989,sad
1699,angry
16990,happy
16995,happy
16999,fear
17002,happy
17003,angry
17007,neutral
17010,neutral
17011,happy
17015,neutral
17016,surprise
17018,sad
17019,happy
17021,fear
17022,happy
17024,happy
17027,surprise
17028,neutral
17032,angry
1704,sad
17041,fear
17044,fear
17053,neutral
1707,sad
17085,angry
17098,happy
17099,neutral
1710,sad
17100,sad
17104,sad
17105,angry
17107,fear
17114,fear
17117,happy
17128,sad
17131,neutral
17137,fear
17148,surprise
17157,sad
1716,happy
17161,happy
17163,neutral
17167,angry
1717,angry
17170,neutral
17177,surprise
17180,fear
17186,happy
17188,neutral
17191,fear
17194,happy
172,sad
17205,surprise
17206,angry
17207,happy
17209,happy
17211,fear
17212,neutral
17213,happy
17215,happy
17217,fear
1722,fear
17220,happy
17228,neutral
17231,neutral
17236,fear
17237,fear
17245,happy
17248,happy
17251,fear
17257,fear
17259,sad
17260,angry
17267,fear
1727,fear
17273,sad
17275,angry
17276,neutral
17279,happy
17290,surprise
17293,sad
17295,happy
17297,neutral
17309,surprise
17314,happy
17316,happy
17318,neutral
17319,happy
17331,fear
17334,sad
17341,sad
17344,sad
17345,angry
1735,surprise
17350,fear
17359,neutral
1736,fear
17363,fear
17367,angry
17369,neutral
1737,neutral
17371,angry
1738,happy
17381,happy
17397,happy
17402,happy
17413,angry
17417,happy
17422,neutral
17424,sad
17426,neutral
17428,fear
17429,surprise
17432,sad
17433,fear
17445,angry
17447,happy
17449,happy
17452,neutral
17462,happy
17470,fear
17479,happy
17484,happy
17485,happy
17494,neutral
17498,happy
1750,surprise
17502,angry
17503,happy
17506,sad
1751,sad
17518,neutral
17524,happy
17536,fear
17538,fear
17541,happy
17543,happy
17550,sad
17552,happy
17555,neutral
17558,fear
1756,fear
17563,sad
17582,fear
17587,fear
1759,angry
17597,sad
17598,neutral
176,surprise
17607,happy
17609,angry
17610,fear
17624,happy
17625,angry
17631,happy
1764,surprise
17647,angry
17654,happy
17662,neutral
17666,neutral
17668,fear
17678,happy
1768,neutral
17682,happy
17684,sad
17685,fear
17692,happy
17693,surprise
17694,happy
17695,surprise
17698,happy
1770,happy
17700,angry
17702,sad
17705,angry
17707,sad
17710,fear
17713,fear
17715,happy
17717,sad
1772,neutral
17730,sad
17731,angry
17735,happy
17736,sad
17746,happy
17752,sad
17762,happy
17763,sad
17767,fear
17772,happy
17775,sad
1778,neutral
17784,angry
17787,sad
17790,neutral
17794,neutral
17799,happy
17802,happy
17815,neutral
17816,angry
17821,happy
17831,happy
17834,happy
17837,angry
17845,surprise
1785,angry
1787,surprise
17886,sad
17887,sad
17901,angry
17904,happy
17906,sad
17910,angry
17912,angry
17919,surprise
1793,happy
17930,fear
17932,neutral
17934,happy
17936,happy
17939,happy
17952,fear
1796,neutral
17973,neutral
17980,angry
1799,angry
1800,surprise
18001,sad
18006,angry
18010,fear
18016,happy
18018,happy
18025,sad
18026,surprise
18033,happy
18035,neutral
18037,happy
18038,surprise
18047,happy
18050,sad
18067,sad
18068,happy
18073,fear
18077,angry
18080,sad
18082,surprise
18101,neutral
18104,fear
18106,angry
18108,fear
18117,fear
18120,sad
18130,angry
18132,surprise
18140,happy
18142,fear
18148,sad
1815,neutral
18161,fear
18165,happy
18166,sad
18168,angry
18173,happy
18180,neutral
18181,neutral
18183,sad
1819,neutral
18193,fear
18198,surprise
18200,happy
18203,fear
18205,happy
18208,neutral
18223,neutral
18226,happy
18237,happy
18245,happy
18247,sad
18249,happy
1825,angry
18250,happy
18254,sad
18256,happy
18259,happy
18260,sad
18270,angry
18281,neutral
18284,angry
18285,happy
18288,neutral
18291,happy
18297,happy
18299,happy
1830,angry
18300,fear
18301,sad
18308,happy
18309,fear
18312,neutral
18313,surprise
18317,sad
18321,fear
18325,angry
18336,fear
18339,sad
18345,sad
18349,sad
1835,neutral
18361,sad
18364,fear
18367,sad
18376,angry
1838,fear
18380,happy
18381,sad
18383,happy
18388,neutral
18389,happy
18393,surprise
18404,sad
18405,neutral
1841,angry
18415,sad
18424,sad
18425,happy
1843,neutral
18431,neutral
18436,neutral
18442,happy
18443,happy
18445,angry
18457,fear
18459,angry
18464,disgust
18466,angry
18469,neutral
18471,happy
18475,sad
18476,happy
18483,happy
18487,happy
18492,angry
18497,neutral
18503,happy
18505,happy
18513,sad
18517,happy
18521,surprise
18523,neutral
18527,happy
18531,happy
18534,angry
1854,sad
18541,neutral
18542,fear
18545,happy
18550,sad
18554,sad
18555,surprise
18556,happy
18565,neutral
18566,sad
18568,happy
18569,fear
1857,angry
18573,happy
18574,happy
18577,angry
18578,happy
18588,angry
18593,fear
18602,happy
18610,sad
18613,surprise
18615,sad
18617,happy
18619,surprise
18631,fear
18633,fear
1864,surprise
18641,surprise
18655,happy
18658,neutral
18662,happy
18678,surprise
18687,sad
1869,happy
18695,fear
187,neutral
18700,sad
18703,neutral
18706,surprise
18708,neutral
18713,sad
18715,fear
18716,sad
18725,fear
18729,angry
1873,fear
18732,sad
18734,angry
1874,fear
18742,surprise
18753,sad
18757,sad
18763,fear
18778,neutral
18779,angry
18783,angry
18791,neutral
1880,angry
18803,angry
18810,angry
18822,happy
18825,sad
18827,sad
18834,neutral
18835,happy
18837,sad
18842,fear
18849,happy
18855,angry
18861,happy
18862,surprise
18864,fear
1887,happy
18872,sad
18873,happy
18882,angry
18885,happy
18888,angry
18897,fear
18898,happy
18903,happy
18904,surprise
18905,neutral
18908,fear
18909,sad
1891,neutral
18911,surprise
18914,sad
1892,neutral
18926,sad
18927,angry
18930,angry
18944,happy
18948,angry
18949,neutral
18952,happy
1896,neutral
18960,fear
18962,fear
1897,neutral
18973,happy
18974,angry
18976,sad
18983,neutral
18984,angry
18986,sad
1899,fear
18994,angry
19000,sad
19008,happy
19009,happy
19012,happy
19014,happy
19020,angry
19025,happy
19029,sad
19049,sad
19051,fear
19056,sad
19060,sad
19062,happy
19063,neutral
19064,neutral
19067,neutral
19074,happy
1908,fear
19082,surprise
19084,neutral
19089,fear
19093,angry
19095,sad
19105,happy
19108,angry
1911,surprise
19114,fear
19115,angry
19119,fear
19127,sad
19130,surprise
19131,fear
19132,angry
19137,sad
1914,surprise
19140,surprise
19142,happy
19145,neutral
19148,happy
19152,angry
19160,happy
19162,happy
19165,sad
19177,angry
19179,neutral
19181,happy
19187,surprise
19188,fear
1919,happy
192,fear
1920,happy
19204,neutral
19210,happy
19214,neutral
19216,happy
19226,angry
19234,fear
19235,fear
19245,happy
19252,fear
19259,sad
1926,fear
19263,happy
19267,surprise
19268,angry
19269,sad
19274,neutral
19284,angry
19285,sad
1929,happy
19291,sad
19292,neutral
19303,sad
19309,neutral
1931,fear
19314,surprise
19317,happy
19318,happy
19323,happy
19329,sad
19340,neutral
19346,happy
19349,happy
19357,happy
19362,surprise
19364,neutral
1937,sad
19370,happy
19373,neutral
19377,happy
19378,happy
1938,happy
19384,sad
19389,surprise
1939,angry
19390,sad
19392,fear
19398,happy
19402,sad
19411,fear
19422,fear
19431,surprise
19435,sad
19438,sad
19449,happy
1945,surprise
19454,neutral
19461,sad
19470,fear
19473,happy
19476,happy
19477,fear
19478,fear
19485,fear
19486,sad
19492,happy
19495,angry
19496,happy
19497,fear
19499,happy
19514,happy
1952,surprise
1953,happy
19531,sad
19533,fear
19535,sad
19536,happy
19548,sad
19549,happy
19559,angry
19568,sad
19571,angry
19578,sad
19581,fear
19589,neutral
19590,neutral
19591,happy
19594,surprise
19597,happy
19599,angry
196,happy
19600,angry
19601,surprise
19605,angry
19607,sad
19609,neutral
19612,happy
19615,neutral
19643,happy
19644,sad
19649,fear
19650,surprise
1966,happy
19663,angry
19664,sad
19665,surprise
19668,happy
19674,fear
19680,happy
19682,happy
19696,happy
19700,neutral
19709,happy
19711,angry
1972,angry
19720,happy
1973,sad
19731,happy
19732,angry
19734,disgust
1974,happy
19740,angry
19744,happy
19747,happy
19748,happy
19754,happy
19755,surprise
19768,angry
19770,disgust
19785,sad
19793,happy
19795,surprise
19797,happy
19799,happy
19801,neutral
19803,angry
19810,angry
19811,sad
19829,neutral
1983,fear
19831,disgust
19832,angry
19837,happy
19841,angry
19855,sad
1986,fear
19861,angry
19863,neutral
19864,sad
19877,neutral
1988,sad
19880,angry
19883,happy
19888,sad
19889,happy
19893,sad
19896,happy
19897,fear
19906,sad
19918,happy
1992,surprise
19923,angry
19934,neutral
1994,sad
19950,neutral
19953,sad
19957,happy
19958,angry
19961,fear
19962,happy
19968,happy
19969,surprise
19972,surprise
19973,sad
19975,sad
19983,neutral
19993,angry
19995,fear
20,neutral
200,neutral
20008,fear
2001,happy
20019,sad
20023,happy
20025,happy
20028,neutral
20032,happy
20036,fear
20037,fear
20039,angry
20041,happy
20048,happy
20058,sad
2006,surprise
20062,fear
20072,sad
20073,neutral
20083,fear
20091,neutral
201,neutral
20104,sad
20111,happy
2012,happy
20120,happy
20122,neutral
20135,angry
20140,happy
20146,sad
20148,surprise
20150,neutral
20155,happy
20157,neutral
20162,surprise
20165,happy
20167,surprise
20171,neutral
20181,sad
2019,happy
20192,fear
20193,sad
20194,angry
20196,happy
20208,fear
20213,happy
20214,angry
20216,neutral
20217,fear
20218,happy
20222,fear
20223,sad
20227,neutral
20229,happy
20239,angry
20252,angry
20257,angry
20262,surprise
20265,fear
20267,happy
20272,neutral
20274,neutral
20285,happy
20287,surprise
20289,fear
20290,angry
20293,angry
20296,sad
20298,angry
20301,sad
20303,fear
20312,sad
20313,sad
20318,neutral
20328,angry
20337,sad
20353,angry
20355,happy
20360,sad
20365,happy
20369,angry
20371,fear
20372,neutral
20373,surprise
20374,angry
20377,happy
20387,surprise
2039,sad
20395,sad
20400,sad
20407,fear
20411,happy
20412,happy
20416,neutral
20424,neutral
20430,happy
20432,neutral
2044,neutral
20445,sad
20450,surprise
20451,neutral
20461,fear
20467,angry
20468,sad
20469,angry
2047,sad
20476,angry
20490,happy
20495,fear
2050,happy
20500,sad
20505,angry
20507,angry
20508,sad
20511,neutral
20514,happy
20517,sad
20519,happy
20526,fear
2053,neutral
20532,angry
20547,happy
20549,neutral
2055,angry
20560,sad
20561,happy
20563,sad
20567,happy
20573,happy
20579,fear
2058,neutral
20580,happy
20584,surprise
20588,sad
20589,sad
20594,happy
20595,happy
20598,happy
20603,surprise
20616,happy
20617,fear
20621,sad
20629,happy
20630,happy
20635,angry
2064,happy
20640,angry
20650,sad
20653,sad
20656,sad
20664,fear
20665,neutral
20666,happy
20667,surprise
20670,angry
20673,angry
20675,sad
2068,happy
20680,fear
20684,sad
20685,happy
20686,neutral
2069,happy
20691,surprise
20715,sad
20736,angry
20737,fear
20739,sad
20745,happy
20750,sad
20761,disgust
20786,surprise
20796,fear
20814,angry
20817,angry
20821,happy
20829,happy
20831,neutral
20833,sad
2084,sad
20843,fear
20849,fear
20850,happy
20851,sad
20855,sad
20856,fear
20857,happy
20865,fear
20866,sad
20875,neutral
20882,surprise
20889,happy
20892,neutral
20893,neutral
20897,sad
2090,surprise
20908,neutral
2091,surprise
20918,happy
20933,neutral
20935,sad
20941,happy
20945,happy
20947,happy
20948,fear
20949,happy
20958,sad
20964,fear
20967,surprise
20970,sad
20972,sad
20979,angry
2098,sad
20984,happy
20988,happy
20989,happy
20994,happy
21,fear
210,happy
21005,sad
21006,sad
21025,sad
21027,happy
21029,surprise
21030,fear
21033,happy
21036,angry
21044,angry
21068,fear
21070,angry
21072,neutral
21074,surprise
21077,angry
21078,angry
21082,angry
21092,angry
21097,happy
21098,happy
21099,angry
21101,fear
21102,fear
21104,happy
21111,angry
21120,happy
21131,neutral
21135,neutral
2114,angry
21143,happy
21148,fear
21150,fear
21151,fear
21153,surprise
21154,surprise
21161,angry
21166,neutral
21167,neutral
2117,surprise
21173,angry
21177,happy
21185,happy
2119,surprise
21199,angry
2120,surprise
21200,neutral
21201,neutral
21210,neutral
21217,surprise
2122,happy
21221,happy
21227,fear
21230,happy
21233,neutral
21235,neutral
21239,surprise
21249,sad
21250,sad
21265,surprise
21269,angry
21275,happy
21280,neutral
21282,neutral
21284,sad
21292,happy
21299,surprise
213,happy
21305,sad
21311,neutral
21312,sad
21314,sad
21316,happy
21324,happy
2133,happy
21337,neutral
21348,happy
2135,happy
21351,fear
21352,sad
21360,sad
2137,happy
21371,happy
21374,angry
21376,happy
21377,neutral
21384,happy
21386,neutral
21387,fear
21393,happy
21394,happy
21404,happy
21417,surprise
2142,happy
21420,fear
21428,sad
21434,fear
21439,fear
21441,happy
21447,surprise
21451,happy
21455,surprise
2146,angry
21460,happy
21461,fear
21464,fear
21468,surprise
21470,neutral
21472,angry
21473,happy
21475,sad
21483,angry
2149,neutral
21499,happy
21500,fear
21501,angry
21511,angry
21512,fear
2152,neutral
21520,fear
21524,happy
21531,neutral
21535,fear
21538,happy
21541,happy
21545,surprise
21549,sad
21556,surprise
21557,neutral
21559,fear
2156,neutral
2157,sad
21570,surprise
21573,fear
21574,sad
21578,surprise
21587,surprise
21589,sad
2159,happy
21593,happy
21598,fear
21602,happy
21605,happy
21615,fear
21618,happy
21632,surprise
21638,sad
21654,sad
21658,neutral
21663,angry
21666,sad
21670,neutral
2168,fear
21681,surprise
21686,angry
21695,neutral
21697,happy
21699,happy
217,neutral
21703,angry
21708,surprise
21715,angry
2172,neutral
21720,fear
21723,happy
2173,fear
21730,fear
21744,happy
21750,happy
21752,sad
2176,sad
21765,disgust
21766,sad
21769,happy
21778,sad
2178,surprise
21782,angry
21783,neutral
21787,happy
21794,neutral
21807,surprise
21812,fear
21817,happy
2182,angry
21822,neutral
21824,surprise
21825,sad
21833,fear
21834,surprise
21835,happy
21836,happy
2184,happy
21846,happy
21851,happy
21852,surprise
21858,fear
21862,happy
21865,sad
21876,happy
21877,fear
21880,happy
21887,neutral
21896,sad
21899,happy
21906,angry
21916,fear
21921,happy
21922,sad
21927,happy
2194,sad
21942,happy
21943,fear
21946,sad
2195,surprise
21961,neutral
21962,neutral
21967,fear
21968,sad
21971,happy
21973,happy
21978,sad
21987,surprise
21988,surprise
21990,neutral
2200,surprise
22004,happy
22019,fear
22023,happy
22025,neutral
22028,neutral
22032,happy
2204,happy
22050,surprise
22051,neutral
22056,fear
22064,angry
22067,angry
2207,neutral
22074,fear
22080,neutral
22088,neutral
22089,fear
22091,happy
22095,neutral
22097,happy
22102,angry
22111,sad
22117,angry
22123,neutral
22128,surprise
22130,fear
22131,surprise
22138,angry
22140,happy
22150,happy
22154,happy
2216,happy
22166,neutral
22178,angry
22179,happy
22183,fear
22184,happy
22191,happy
22194,happy
22198,sad
22201,angry
2223,neutral
22241,sad
22247,happy
2225,neutral
22255,sad
2226,angry
22267,neutral
2227,neutral
22271,happy
22278,happy
2228,surprise
22289,fear
22290,happy
22292,neutral
22301,neutral
22305,surprise
22309,angry
2231,happy
22319,fear
22320,disgust
22322,fear
22325,neutral
22326,surprise
22334,sad
22335,sad
22336,neutral
2234,surprise
22340,happy
22346,happy
22347,happy
22349,neutral
22351,happy
22354,sad
22357,fear
22372,surprise
22375,sad
2238,fear
22380,happy
22388,happy
2239,happy
22390,angry
22395,happy
224,surprise
22403,surprise
22410,neutral
22416,sad
22419,angry
22424,happy
22442,neutral
22448,angry
22449,fear
22452,sad
22457,neutral
22458,fear
22459,happy
22466,happy
22482,sad
22485,sad
22497,surprise
22506,sad
22508,sad
22509,angry
22516,angry
22517,neutral
22520,surprise
22521,sad
22525,happy
22532,happy
22545,happy
2256,sad
22560,happy
22571,angry
22574,happy
22576,sad
22587,sad
22600,happy
22602,sad
22604,angry
22607,fear
22612,happy
22614,happy
22617,angry
22619,sad
22627,neutral
22631,sad
22640,sad
22651,fear
22655,fear
22662,fear
22666,surprise
22671,happy
22679,neutral
22688,neutral
22690,happy
22691,sad
22695,angry
22704,neutral
22711,neutral
22720,neutral
2273,fear
22733,angry
22739,happy
22741,sad
2275,fear
22750,happy
22754,surprise
22756,sad
22761,sad
22763,happy
22765,happy
22766,neutral
22771,surprise
22774,neutral
22778,happy
2278,neutral
22784,surprise
22787,neutral
22789,neutral
2279,neutral
22791,angry
22804,happy
22805,happy
22807,sad
22808,sad
22810,angry
22816,neutral
2282,happy
22820,sad
22827,fear
22832,sad
22834,happy
22839,fear
2284,fear
22840,fear
22863,neutral
22864,sad
22867,neutral
2287,happy
22886,neutral
22894,happy
2290,angry
22900,neutral
22910,angry
22916,fear
22917,sad
22921,surprise
22924,angry
2293,happy
22935,neutral
22937,neutral
22944,happy
22961,sad
22974,neutral
22977,happy
22987,sad
22988,fear
22989,sad
22990,angry
22991,happy
22992,neutral
22997,neutral
23,sad
23008,fear
23012,neutral
23028,sad
2303,happy
23038,angry
23039,neutral
23041,neutral
2305,happy
23053,fear
23054,fear
23057,sad
23059,angry
23060,fear
2307,happy
2308,happy
23083,sad
23085,happy
23096,happy
231,sad
23100,fear
23101,sad
23103,neutral
23114,happy
23119,sad
2312,sad
23122,sad
23126,fear
23141,disgust
23142,happy
23151,surprise
23153,sad
23155,surprise
23164,angry
23167,neutral
23170,happy
23172,sad
23184,fear
23186,neutral
23192,sad
23194,angry
23204,happy
23209,fear
23215,neutral
23216,neutral
23220,sad
23224,happy
23230,fear
23238,happy
2324,happy
23244,happy
23246,angry
23260,fear
2327,happy
23272,happy
23291,happy
23293,neutral
23297,neutral
23304,neutral
23305,surprise
23319,happy
23320,sad
23321,happy
23327,happy
23328,happy
23332,happy
23334,neutral
23341,sad
23343,neutral
23346,fear
23348,happy
23362,surprise
23368,fear
23374,angry
23377,happy
23380,happy
23381,happy
23386,angry
23389,fear
23396,neutral
23403,fear
23404,fear
23407,angry
23413,angry
23419,happy
23427,angry
23430,neutral
23433,surprise
23440,neutral
23447,fear
23452,sad
23453,happy
23457,neutral
23462,neutral
23463,neutral
23468,happy
23470,sad
23471,happy
23473,angry
23477,fear
23483,neutral
23487,happy
23488,angry
2350,happy
23501,happy
23507,neutral
23517,happy
23521,fear
23525,happy
23532,angry
23540,surprise
23542,happy
23549,sad
23555,happy
23559,angry
23561,surprise
23562,angry
23565,sad
23566,fear
2357,angry
23572,happy
23584,fear
23590,happy
23601,sad
23609,fear
23612,sad
23621,happy
23623,sad
23634,neutral
23654,sad
23658,angry
23661,surprise
23662,surprise
23664,happy
23665,fear
23666,neutral
23667,happy
2367,neutral
23675,sad
23691,neutral
23700,neutral
23715,happy
23718,angry
23722,neutral
23725,neutral
23731,angry
23739,fear
2374,happy
23741,angry
23747,fear
23748,sad
23749,fear
23751,surprise
23760,sad
23764,sad
23767,angry
2377,happy
23770,neutral
23778,sad
23779,sad
2378,fear
23780,angry
23781,fear
23783,happy
23786,angry
23791,angry
23792,neutral
23794,fear
23801,angry
23813,happy
23814,fear
23817,angry
23829,happy
23832,fear
23847,neutral
23848,happy
23853,sad
23858,neutral
23862,happy
23865,fear
23866,happy
23869,neutral
23876,sad
23884,sad
23885,surprise
23886,happy
23891,happy
23893,sad
23897,happy
23901,neutral
23905,sad
2391,sad
23915,happy
23917,happy
23920,happy
23929,happy
23933,happy
23941,surprise
23943,fear
23945,sad
23946,happy
23948,fear
23949,surprise
23965,sad
23968,sad
23978,sad
23991,sad
24003,neutral
24013,sad
24016,sad
24022,happy
24027,happy
2403,angry
24031,neutral
24035,angry
24046,surprise
24050,surprise
24051,neutral
24054,sad
24055,happy
24057,happy
24065,neutral
24066,sad
24067,angry
2407,happy
24071,sad
24077,neutral
24079,happy
24087,sad
24088,fear
24089,fear
24099,happy
24101,neutral
24104,sad
24105,neutral
2411,angry
2412,happy
24123,happy
24131,fear
24133,sad
24137,happy
24143,surprise
24148,happy
24156,happy
2416,fear
24160,neutral
24161,happy
24163,surprise
24165,neutral
24167,surprise
24168,angry
24173,sad
24174,surprise
24175,angry
24176,angry
24179,neutral
2418,neutral
24182,angry
24183,neutral
24184,angry
24185,angry
24187,neutral
24189,happy
24200,angry
24201,sad
2421,angry
24211,happy
24213,fear
24217,fear
24219,neutral
24220,sad
24224,happy
24232,fear
24239,angry
2424,happy
24241,neutral
24247,happy
24252,surprise
24259,surprise
2426,fear
24263,fear
2427,fear
24286,happy
24289,angry
24291,happy
24292,happy
24297,happy
24299,happy
2431,sad
24329,happy
24340,happy
24347,neutral
24354,happy
24355,fear
24358,happy
2436,angry
24360,angry
24363,happy
24378,sad
24380,happy
24384,neutral
24390,happy
24391,surprise
24393,happy
24395,happy
24404,fear
24410,sad
24411,surprise
24412,neutral
24415,neutral
24420,sad
24421,sad
24428,happy
2443,angry
24432,neutral
24433,surprise
24435,happy
24437,sad
24441,happy
24443,fear
24452,sad
24460,surprise
24465,happy
24466,happy
24473,sad
24479,sad
2448,surprise
24482,fear
24490,neutral
24492,angry
245,angry
2450,happy
24501,sad
24509,happy
2451,sad
24521,happy
24530,happy
24531,happy
24535,sad
24536,happy
24539,sad
24542,happy
24543,fear
24545,sad
24554,neutral
24557,surprise
24562,surprise
24570,sad
24573,neutral
24575,neutral
24578,fear
24579,happy
2458,happy
24582,fear
24607,angry
2461,surprise
24621,fear
24625,fear
24633,happy
24643,sad
24646,fear
24652,happy
24656,happy
24660,neutral
24664,sad
24668,surprise
24678,angry
24680,sad
24692,sad
24694,fear
24699,happy
247,happy
24711,angry
24718,neutral
2472,happy
24721,neutral
24725,sad
24731,sad
24736,sad
24747,angry
24753,fear
24756,sad
2476,neutral
24763,fear
24764,happy
24768,neutral
24769,happy
24774,angry
24777,happy
24778,happy
24779,neutral
2478,sad
24783,happy
24785,happy
24789,angry
24797,angry
24798,happy
24815,happy
24819,angry
24820,neutral
24821,happy
24822,sad
24823,sad
2483,happy
2484,angry
24845,happy
2485,sad
2486,sad
2487,angry
24877,sad
24880,fear
24881,happy
24884,sad
24886,neutral
24893,happy
249,happy
24904,happy
24906,happy
24909,sad
24910,happy
24912,neutral
24916,sad
2492,neutral
24921,fear
24931,fear
24942,happy
24946,happy
24948,fear
24959,surprise
2496,sad
24962,neutral
24963,neutral
24964,angry
24967,fear
24978,sad
2498,happy
2499,neutral
24991,happy
24992,happy
25006,neutral
25007,happy
25010,surprise
25017,happy
25018,fear
2502,angry
25021,fear
25025,sad
25028,sad
25036,surprise
25037,sad
25039,happy
25044,surprise
25045,sad
25046,fear
25048,sad
25055,happy
25058,sad
25061,angry
25074,surprise
25078,neutral
25082,sad
25087,fear
25088,sad
25089,neutral
25099,sad
251,sad
2510,neutral
25101,fear
25107,surprise
25108,fear
25109,sad
2511,neutral
25117,fear
25123,happy
25126,angry
25131,happy
25133,sad
25143,surprise
25144,angry
25151,neutral
25162,neutral
25163,happy
25180,happy
25186,neutral
25188,surprise
25191,fear
25199,happy
25202,neutral
25209,angry
25211,sad
25220,happy
25223,neutral
25229,happy
25231,sad
25234,fear
25240,fear
25242,fear
25247,fear
25250,angry
25255,angry
25267,angry
25271,happy
25275,sad
25280,surprise
25281,happy
25287,sad
2529,fear
25295,fear
25298,happy
2530,neutral
25306,sad
25318,fear
25319,surprise
25322,happy
25327,fear
25328,happy
2533,angry
25330,happy
25337,happy
25342,happy
25343,sad
25348,happy
2535,happy
25351,sad
25356,fear
25359,angry
25360,neutral
25372,surprise
25379,fear
25381,angry
25383,angry
2539,happy
25390,surprise
25391,neutral
25396,neutral
25397,surprise
25401,sad
25402,surprise
25409,neutral
25410,sad
25412,angry
25414,happy
25416,surprise
25420,happy
25425,neutral
25431,happy
25435,happy
25438,angry
25439,fear
25443,happy
25451,sad
25454,sad
2546,happy
25472,happy
25481,sad
25492,fear
25496,neutral
25497,sad
25507,neutral
25510,sad
25517,fear
25520,surprise
25528,angry
25529,sad
25533,happy
25537,neutral
25538,disgust
25539,fear
2554,neutral
25541,happy
25542,happy
25555,fear
2556,happy
25563,surprise
2557,angry
25570,surprise
25571,surprise
25573,happy
25576,neutral
25577,sad
25578,happy
2558,fear
25582,sad
2559,happy
25590,fear
25593,neutral
25597,neutral
256,surprise
25602,happy
25604,happy
25605,fear
25610,surprise
25612,happy
25615,neutral
25621,fear
25627,happy
25632,angry
25635,happy
25636,angry
25638,sad
2564,neutral
25643,sad
25647,fear
25649,happy
2565,neutral
25652,happy
25658,neutral
25668,sad
25674,surprise
25678,neutral
25681,neutral
25682,neutral
25685,neutral
25686,happy
25687,happy
25688,sad
25695,angry
25701,angry
25705,happy
25709,fear
25710,fear
25714,happy
25719,happy
25720,happy
25723,fear
25742,sad
25743,neutral
25744,happy
25747,happy
25759,happy
25773,neutral
25775,neutral
25778,happy
25781,surprise
25795,angry
25797,neutral
258,sad
25800,neutral
25808,surprise
25809,happy
2581,fear
25810,neutral
25811,angry
25813,happy
25818,sad
25819,neutral
25820,surprise
25832,happy
25839,happy
25841,sad
25843,sad
25844,angry
25874,happy
25876,angry
2588,happy
25886,angry
25887,happy
25891,sad
25895,sad
259,happy
25902,happy
25906,happy
25914,fear
25915,happy
25919,sad
2592,fear
25920,happy
25927,happy
2593,sad
25937,happy
25944,angry
25949,angry
25959,surprise
25961,sad
25969,sad
25973,sad
25978,happy
25979,angry
25983,angry
25985,sad
25993,happy
25994,fear
26005,sad
26006,sad
26016,happy
26018,happy
26023,happy
26025,neutral
2603,neutral
26032,fear
26034,happy
26038,angry
26040,angry
26041,angry
26046,happy
26049,neutral
26056,sad
26059,angry
26067,sad
26069,neutral
26076,surprise
26077,fear
26079,sad
26081,fear
26082,fear
26087,surprise
26091,neutral
26097,sad
26098,happy
26101,surprise
26102,surprise
26107,sad
2611,fear
26121,neutral
26124,sad
2613,sad
26131,fear
26133,surprise
26134,neutral
26137,happy
2615,sad
26159,happy
26160,happy
26161,sad
26163,sad
26169,happy
26175,sad
26177,angry
26181,angry
26185,surprise
26187,sad
2619,surprise
26190,neutral
26192,neutral
26198,sad
2620,happy
26200,sad
26209,neutral
26210,happy
26212,happy
26223,angry
26224,happy
26227,neutral
26237,neutral
26243,happy
26248,happy
26249,neutral
26250,fear
26264,fear
26267,neutral
26269,angry
26270,happy
26275,happy
26283,neutral
2629,happy
26292,neutral
26304,happy
26313,sad
26318,happy
26321,sad
2633,sad
26337,happy
26338,happy
26339,neutral
2634,happy
26344,angry
26346,happy
2635,sad
26355,angry
26363,sad
26364,neutral
26368,sad
26370,happy
26377,sad
26378,surprise
26385,angry
26394,happy
26397,happy
26398,happy
264,fear
2640,surprise
26402,sad
26404,fear
26409,surprise
2641,fear
26411,happy
26437,sad
26443,happy
26446,neutral
26452,surprise
26453,neutral
26454,angry
26455,surprise
26456,happy
26459,happy
26462,sad
26464,sad
26468,happy
26469,surprise
26477,neutral
26483,surprise
26484,neutral
26487,surprise
2649,happy
26495,neutral
26500,sad
26501,sad
2651,sad
26511,happy
26539,neutral
26543,sad
2655,angry
26556,sad
26563,happy
26566,sad
2657,neutral
26572,angry
26573,sad
26578,angry
26581,sad
26582,fear
26586,sad
26597,sad
26600,happy
26612,sad
26618,fear
26620,sad
26626,surprise
26647,angry
26654,neutral
26660,happy
26665,happy
26667,neutral
26670,happy
26675,sad
26676,happy
2668,fear
26682,sad
26683,happy
26702,sad
26703,happy
26708,surprise
26715,fear
26720,neutral
26725,sad
26726,sad
26736,happy
26747,neutral
26767,fear
2677,fear
26771,sad
26772,happy
26775,happy
2678,happy
26789,angry
26800,surprise
2681,sad
26819,happy
26825,surprise
26833,happy
26834,sad
26839,neutral
26840,happy
26842,angry
26845,fear
26850,angry
26851,angry
26859,happy
26860,happy
26873,happy
26886,sad
26888,happy
26891,happy
26892,neutral
26895,fear
26899,neutral
2690,happy
26900,fear
26901,neutral
26906,happy
26907,surprise
26909,neutral
26910,surprise
26913,happy
26914,happy
26916,fear
26919,happy
26927,fear
26928,fear
26935,happy
26944,neutral
26956,angry
26959,angry
26960,happy
26961,angry
26963,happy
26967,happy
26970,sad
26973,fear
26978,happy
26980,neutral
26981,happy
2699,sad
270,fear
27005,sad
27006,fear
27016,angry
27022,angry
27025,neutral
27027,sad
27035,angry
27039,surprise
27048,neutral
27051,happy
27052,happy
27054,happy
27070,fear
27077,neutral
2709,happy
27094,neutral
27098,fear
2710,neutral
27103,fear
27105,fear
27106,happy
27115,happy
27117,angry
2712,sad
27124,neutral
27125,surprise
27128,happy
27140,happy
27145,angry
27152,happy
27162,happy
27165,sad
27172,happy
27174,surprise
27187,fear
27190,happy
27193,surprise
27196,neutral
27197,happy
27204,neutral
27212,happy
27218,sad
27227,happy
27229,neutral
27240,fear
27246,happy
27258,happy
2727,neutral
27270,surprise
27273,surprise
27277,happy
27284,sad
27292,sad
27294,happy
27296,angry
27299,sad
273,fear
2730,happy
27300,surprise
27305,sad
27306,neutral
27308,neutral
2732,sad
27321,surprise
27325,surprise
27326,happy
27328,surprise
27329,angry
27333,happy
27334,happy
27350,sad
27359,happy
27363,fear
27365,happy
27367,happy
27369,sad
27385,angry
27400,surprise
27404,happy
27405,neutral
27407,sad
27410,neutral
27413,neutral
2742,disgust
27426,happy
2744,fear
27446,happy
2745,fear
27450,fear
27452,happy
27461,fear
27464,angry
27465,neutral
2747,sad
27471,neutral
27474,happy
2748,sad
27483,fear
27488,fear
2750,neutral
27503,fear
27508,happy
27509,fear
2751,fear
27518,disgust
27522,fear
2753,happy
27533,happy
2754,happy
27544,angry
27554,neutral
27561,sad
27562,neutral
27563,fear
27566,surprise
27575,happy
27576,fear
27577,surprise
2758,surprise
27585,fear
27586,happy
27588,sad
2759,surprise
27591,happy
27594,angry
27597,neutral
276,surprise
2761,angry
27616,sad
27619,neutral
2762,sad
27625,happy
27629,fear
27635,happy
27636,happy
27642,sad
27645,happy
27646,happy
27647,sad
27648,happy
27650,angry
27652,surprise
27662,sad
27671,happy
27675,happy
27681,neutral
27683,fear
27692,happy
27694,neutral
27696,surprise
2770,angry
27701,happy
27704,happy
27709,sad
2771,happy
27715,angry
27719,neutral
27726,sad
27737,fear
2774,happy
27744,happy
27752,neutral
27756,neutral
27759,neutral
27764,fear
27767,sad
27770,neutral
27772,sad
27774,surprise
27776,sad
27777,neutral
27779,fear
27788,fear
27798,angry
27803,surprise
27806,angry
27810,happy
27823,happy
27828,neutral
27846,fear
2785,angry
27854,happy
27864,neutral
27868,fear
27873,angry
2788,neutral
27887,sad
27889,fear
2789,sad
27899,sad
2790,neutral
2791,angry
27910,sad
27913,neutral
27916,angry
27919,sad
2792,neutral
27926,fear
27928,happy
27931,happy
27932,happy
27933,surprise
27937,fear
27940,happy
27944,fear
27948,angry
27949,happy
2796,happy
27967,fear
27973,surprise
27979,surprise
27982,angry
27985,neutral
27993,fear
27995,fear
28005,neutral
28007,happy
28014,happy
28015,neutral
28025,neutral
2803,neutral
28040,happy
28046,neutral
2805,happy
28050,angry
28053,sad
28058,angry
2806,happy
28062,neutral
28073,sad
28076,surprise
28082,angry
28084,sad
28091,sad
2810,happy
28100,happy
28101,fear
28105,happy
28108,sad
28115,happy
28120,neutral
28130,surprise
28137,happy
28138,happy
28140,happy
28143,sad
28144,neutral
28148,angry
28149,neutral
28153,angry
2816,fear
28171,fear
28182,surprise
28189,fear
2820,happy
28207,angry
28210,fear
28219,sad
28230,sad
28235,neutral
28236,sad
28243,sad
28248,neutral
28249,happy
28251,sad
28252,sad
28256,fear
28264,fear
28267,fear
28269,neutral
28272,happy
28273,happy
28278,happy
28282,happy
28287,surprise
28288,angry
2829,neutral
28294,sad
28296,sad
28298,neutral
28300,neutral
28308,sad
28328,surprise
28331,fear
28332,neutral
28335,angry
28342,surprise
2835,angry
28359,angry
28367,sad
2837,surprise
28370,fear
28376,neutral
28379,happy
28383,happy
28390,surprise
28396,happy
28401,angry
28415,neutral
28417,angry
28421,surprise
28424,fear
28426,happy
28438,fear
28441,surprise
28448,surprise
28453,fear
28465,sad
28471,neutral
28474,neutral
28476,surprise
28478,happy
28480,neutral
28482,surprise
28493,sad
28498,neutral
28499,neutral
28501,surprise
28502,happy
28503,fear
28507,surprise
28509,neutral
28515,fear
28517,happy
28522,angry
28525,surprise
28529,happy
28531,fear
28535,angry
28539,sad
28543,angry
28546,fear
28547,angry
28548,surprise
28549,happy
28552,sad
28555,sad
28560,angry
28568,sad
2857,fear
2858,fear
28581,angry
28585,angry
28590,happy
28594,happy
28596,neutral
2860,fear
28600,happy
2861,happy
28614,angry
28618,neutral
28620,fear
28627,angry
28632,happy
28639,surprise
28642,happy
28653,surprise
28660,angry
28666,surprise
28667,surprise
2867,happy
28676,happy
28681,happy
28688,angry
28696,angry
28700,angry
28701,neutral
28704,fear
28707,neutral
2871,sad
28710,happy
28720,fear
28723,neutral
28724,fear
28727,surprise
28729,neutral
28731,sad
28734,neutral
28737,surprise
28743,sad
28749,angry
28769,neutral
28772,happy
28782,sad
28794,sad
28797,fear
28800,happy
28803,angry
28807,happy
28814,happy
28836,neutral
28840,fear
28842,sad
28846,neutral
2885,happy
28854,angry
28859,happy
2886,happy
28864,surprise
28867,angry
28871,happy
28884,neutral
28895,sad
28897,angry
2890,happy
28901,fear
28928,happy
28932,neutral
28934,happy
28938,neutral
28949,happy
28951,angry
28952,angry
28954,surprise
28955,happy
28962,happy
28963,surprise
28966,sad
28982,neutral
28987,neutral
29003,happy
29005,fear
29009,sad
2901,angry
29019,happy
2902,sad
29020,angry
29026,fear
29027,fear
29038,neutral
29043,fear
29058,sad
2906,fear
29067,neutral
29068,fear
29071,neutral
29074,happy
29082,neutral
29085,angry
29099,surprise
29110,surprise
29111,happy
29112,happy
29118,surprise
29119,angry
29121,neutral
29123,fear
29126,happy
29129,happy
2913,happy
29132,sad
2914,sad
29150,angry
29152,fear
29158,disgust
29164,surprise
29185,happy
29194,sad
29202,angry
29205,angry
29211,happy
29214,sad
29216,fear
29219,sad
29225,surprise
29226,sad
29243,angry
29246,sad
29248,sad
29256,neutral
29258,happy
29266,angry
29269,disgust
2927,surprise
29276,fear
29283,sad
29284,fear
29285,happy
29290,angry
29291,happy
29295,fear
29298,happy
2930,happy
29300,happy
29305,sad
29311,sad
29315,fear
29318,sad
29319,sad
29322,sad
29324,angry
29327,sad
29329,happy
2933,fear
2934,angry
29349,surprise
29354,sad
29365,happy
29370,happy
29379,happy
2938,happy
29383,neutral
29388,sad
29389,fear
29398,happy
29403,happy
29414,fear
29415,fear
29423,angry
29428,fear
29438,happy
2945,neutral
29456,happy
29460,happy
29464,neutral
29467,happy
29471,neutral
29475,sad
29477,neutral
29478,fear
2948,happy
29484,neutral
2949,happy
29493,angry
2950,neutral
29500,happy
29504,happy
29505,neutral
29515,surprise
29516,fear
29523,angry
29525,happy
29527,sad
29528,fear
29529,sad
2953,neutral
29536,sad
29537,surprise
29540,surprise
29542,happy
29551,angry
29553,sad
29554,angry
29555,sad
29556,happy
29557,neutral
29559,fear
2956,surprise
29561,happy
29568,surprise
2957,neutral
29571,angry
29578,angry
29580,happy
29581,angry
29585,sad
29588,sad
29589,happy
29603,angry
29608,happy
29609,sad
29614,happy
29617,sad
29618,surprise
29619,fear
2962,happy
29622,angry
29627,angry
29628,fear
29629,angry
29632,neutral
29637,sad
29645,happy
29647,happy
29648,happy
29649,happy
2965,happy
29652,angry
29664,sad
29669,angry
29674,fear
29677,happy
29680,happy
29685,angry
29690,surprise
29692,fear
29694,angry
29697,happy
29699,happy
297,happy
29701,fear
29703,sad
29707,angry
29709,fear
29713,fear
29720,surprise
29724,sad
29730,sad
29731,angry
29733,sad
29735,neutral
29738,neutral
29756,neutral
29757,fear
29758,angry
29766,neutral
29769,happy
29773,happy
2978,neutral
29792,surprise
29794,neutral
29795,happy
29796,surprise
29797,surprise
298,angry
29803,angry
29818,fear
29819,happy
29821,surprise
29834,happy
29835,happy
2984,neutral
29840,sad
29844,fear
29848,neutral
2985,happy
29866,angry
29869,surprise
2987,sad
29871,angry
29875,happy
2988,fear
29884,happy
29889,happy
29892,sad
29893,neutral
29897,sad
29912,sad
29916,neutral
29919,happy
29921,neutral
29924,angry
29929,happy
29931,fear
29936,fear
29937,fear
29941,neutral
29944,neutral
29947,happy
2995,fear
29954,happy
29970,neutral
29973,sad
29977,sad
29979,happy
2998,fear
29980,angry
29981,angry
29987,happy
29990,neutral
29991,happy
29998,sad
30,happy
3000,happy
30001,fear
30002,sad
30004,angry
30006,happy
30015,happy
30016,happy
3002,surprise
30024,angry
30035,surprise
30045,angry
30053,happy
30056,sad
30058,sad
30059,sad
30062,neutral
30069,happy
3007,neutral
30074,sad
30080,angry
30082,neutral
30085,angry
30094,sad
30099,happy
3010,happy
30102,happy
30104,sad
30114,happy
30118,happy
30119,happy
3012,sad
30121,sad
30127,angry
30143,fear
30144,sad
3016,happy
30164,happy
30167,happy
30170,fear
30171,angry
30173,fear
30174,happy
30181,happy
30184,surprise
30188,fear
30190,surprise
30193,happy
30196,sad
30197,sad
30206,sad
3021,angry
30216,happy
30219,sad
3022,happy
30220,sad
30221,happy
30237,neutral
3024,happy
30241,happy
30245,happy
30251,neutral
30253,happy
30260,angry
30273,sad
30274,neutral
30289,sad
3029,happy
30290,neutral
30292,neutral
30297,neutral
30305,happy
30316,surprise
30320,sad
30325,happy
30326,sad
30328,happy
30331,sad
30332,happy
30333,fear
30336,sad
30337,angry
30338,happy
30341,happy
30345,neutral
30346,neutral
30347,happy
30358,sad
3036,sad
30371,sad
30374,neutral
30377,sad
30394,angry
30400,happy
30407,happy
30410,sad
30415,angry
30420,happy
30422,angry
30424,happy
30428,disgust
30439,neutral
30440,neutral
30456,angry
30458,neutral
30460,neutral
30462,neutral
30478,sad
30482,fear
30490,angry
30499,fear
3050,sad
30509,angry
3051,neutral
30530,sad
30535,sad
30537,fear
30541,neutral
30543,sad
30546,neutral
30552,sad
3056,neutral
30563,neutral
30564,fear
30565,happy
3057,neutral
30581,neutral
30584,surprise
30585,happy
3059,sad
30594,fear
30601,sad
30611,sad
30619,angry
30620,surprise
30625,surprise
30628,surprise
30638,happy
30646,happy
30651,happy
30652,happy
30661,neutral
30675,neutral
30683,happy
30689,happy
3069,angry
30704,fear
30713,neutral
30714,fear
30719,disgust
30726,surprise
30728,happy
30735,angry
30737,happy
30738,surprise
30749,happy
3075,sad
30761,disgust
30763,sad
3077,happy
30772,angry
30774,fear
30779,happy
30786,fear
30789,fear
30793,fear
30798,sad
30808,sad
30811,surprise
30817,sad
30818,neutral
30820,happy
30822,surprise
30823,happy
30825,happy
3083,happy
30830,angry
30835,happy
3084,happy
30850,neutral
30851,happy
30853,fear
30855,angry
30856,neutral
3086,happy
30867,sad
3087,sad
30871,sad
3088,angry
30893,angry
30901,sad
30907,happy
30909,neutral
30933,neutral
30936,fear
3094,sad
30943,surprise
30944,happy
30948,happy
30951,happy
30961,angry
30962,sad
30965,happy
30976,fear
30981,neutral
30989,surprise
3099,angry
31005,surprise
31007,neutral
31009,neutral
3101,happy
31010,sad
31029,happy
31033,angry
31042,sad
31043,happy
31054,surprise
31056,happy
31057,neutral
3106,sad
31068,surprise
31072,angry
31080,surprise
31081,neutral
31083,sad
31097,surprise
31099,sad
31101,angry
31102,surprise
31104,neutral
31105,sad
31107,happy
31112,neutral
31113,angry
31116,fear
3112,sad
31123,neutral
31130,neutral
31132,fear
31137,angry
31138,sad
31139,angry
31140,happy
31141,happy
31142,happy
31145,happy
31149,neutral
3115,neutral
31157,fear
31159,fear
31164,sad
3117,happy
3118,angry
31188,fear
31189,neutral
31194,fear
31198,surprise
312,sad
3120,happy
31203,sad
31206,surprise
31209,happy
3121,angry
31223,surprise
3123,sad
31232,happy
31239,happy
3124,fear
31240,fear
31248,happy
31257,sad
31263,neutral
31265,sad
31285,happy
31286,fear
31295,neutral
31307,happy
3131,happy
31316,happy
3132,happy
31323,sad
31328,sad
31330,angry
31332,happy
31341,neutral
31347,neutral
31353,surprise
31357,surprise
31364,surprise
31366,happy
31367,sad
3137,angry
31371,neutral
31373,neutral
31375,angry
3138,happy
31384,happy
3139,sad
31390,fear
31395,fear
31398,angry
314,fear
31409,sad
31421,sad
31424,fear
3144,angry
31440,happy
3146,happy
31461,angry
31478,neutral
31483,happy
31486,happy
31491,angry
31506,sad
31510,neutral
31526,sad
31527,happy
31529,happy
31533,surprise
31534,angry
31535,happy
31542,happy
31544,sad
31546,angry
31551,happy
31561,neutral
31563,surprise
31569,fear
3157,surprise
31571,neutral
31572,happy
31591,neutral
31609,neutral
3162,happy
31625,sad
31627,happy
31629,happy
31631,fear
31634,sad
31635,neutral
31638,fear
31643,sad
31653,fear
31655,sad
31659,neutral
31662,angry
31663,sad
31665,happy
31669,surprise
3169,neutral
31693,happy
31697,angry
3170,surprise
31703,neutral
31712,surprise
31713,happy
31720,sad
31738,fear
3174,neutral
31742,happy
31752,happy
3176,sad
31774,happy
31775,surprise
31781,surprise
31782,fear
31784,surprise
31796,neutral
31799,surprise
31806,happy
31811,angry
31814,surprise
3182,angry
31820,happy
31821,fear
31826,surprise
31828,disgust
31833,happy
31836,angry
31849,angry
31853,happy
31855,fear
31857,happy
31858,happy
3186,angry
31860,fear
31866,happy
31869,sad
3187,sad
31870,happy
31872,surprise
31873,angry
3188,happy
31882,surprise
31897,happy
31899,happy
31903,fear
31908,happy
3191,fear
31916,fear
31928,angry
31929,surprise
31940,sad
31949,neutral
31952,happy
31953,surprise
31954,sad
31961,surprise
31973,fear
31977,happy
31979,fear
31987,neutral
31997,sad
32005,sad
32023,sad
32024,angry
32029,fear
3204,neutral
32046,happy
32047,happy
32048,happy
32051,happy
3206,happy
32069,neutral
32071,happy
32076,neutral
32081,neutral
3209,fear
32097,sad
32103,neutral
32132,surprise
32139,neutral
32142,happy
32144,happy
3215,sad
32153,fear
32161,neutral
32165,fear
32175,angry
32177,happy
32179,surprise
32180,sad
32183,happy
32189,sad
32202,sad
3221,happy
32216,sad
32223,happy
3223,surprise
32231,angry
3224,fear
32243,happy
32248,happy
3226,happy
32268,sad
32278,angry
32279,surprise
32281,happy
32296,angry
32297,neutral
32298,angry
32308,happy
32315,surprise
32321,neutral
32323,sad
32324,surprise
32330,happy
32334,surprise
32336,fear
32344,happy
32349,angry
3235,neutral
32351,angry
32352,angry
32354,fear
32355,happy
32360,neutral
32365,surprise
32367,sad
32371,neutral
32372,fear
32377,sad
32382,neutral
32383,sad
32388,fear
32391,neutral
32394,sad
32395,surprise
32402,happy
32405,surprise
32420,surprise
32422,fear
32432,surprise
32438,sad
32439,angry
32443,sad
32445,happy
3245,fear
32454,sad
32461,happy
32463,fear
32464,sad
32467,neutral
3247,sad
32473,angry
32479,neutral
3248,sad
32481,angry
32485,fear
32487,fear
325,happy
3250,happy
32506,sad
32507,sad
32508,neutral
32510,surprise
32512,fear
32516,neutral
32530,surprise
32541,sad
32544,happy
32547,neutral
32551,fear
32565,happy
32568,happy
32569,happy
32570,angry
32574,angry
32575,angry
32580,angry
32582,sad
32584,neutral
32587,sad
32595,happy
3260,happy
32605,neutral
32607,happy
32613,sad
32614,happy
32617,sad
32619,sad
32623,angry
32624,surprise
32627,happy
3263,sad
32630,surprise
32636,fear
32642,happy
32662,happy
32671,neutral
32681,sad
32682,fear
32683,sad
32684,happy
32688,sad
3269,happy
32692,sad
32695,fear
32696,fear
32711,sad
32725,surprise
32727,sad
32730,neutral
32734,happy
32744,sad
32753,surprise
32755,sad
32756,happy
32758,fear
3276,sad
32763,happy
32766,fear
32768,sad
32769,happy
32773,happy
32777,happy
32778,angry
3278,sad
32782,neutral
32792,neutral
32796,happy
32799,fear
32814,sad
32817,neutral
32818,fear
32826,happy
32829,happy
32835,happy
32836,happy
32837,happy
32838,happy
32843,angry
32849,happy
32855,happy
32859,happy
32861,fear
32870,neutral
32876,sad
32879,happy
32889,angry
32894,angry
32898,happy
32903,sad
32905,neutral
32911,angry
32913,happy
32914,happy
32917,happy
32931,angry
32932,sad
32935,neutral
32939,neutral
32940,fear
32941,neutral
32946,fear
32950,happy
32952,happy
32953,happy
32958,angry
3296,happy
32965,sad
32968,angry
3297,angry
32972,angry
32973,happy
32978,sad
32979,surprise
32982,neutral
32993,fear
32996,angry
32997,happy
32998,neutral
330,fear
33005,happy
33007,happy
33013,fear
33015,angry
33016,neutral
33017,happy
33022,neutral
33024,happy
3303,fear
33031,happy
33039,fear
33046,happy
33049,neutral
33051,fear
33052,happy
33055,fear
33065,fear
33066,angry
33071,happy
33072,surprise
33079,sad
33084,happy
33089,sad
33091,fear
33094,happy
33097,fear
331,happy
33100,neutral
33105,angry
33124,fear
3313,happy
33131,surprise
3314,fear
33144,happy
33147,surprise
33152,neutral
33159,neutral
33174,happy
33175,happy
3318,sad
33180,fear
33182,fear
33188,happy
33209,angry
33212,happy
33213,happy
33215,fear
33216,happy
33219,fear
33221,angry
33227,fear
33228,happy
33231,happy
33240,happy
33243,surprise
33247,sad
33255,neutral
33258,happy
33268,fear
3327,fear
33276,angry
33283,happy
33284,disgust
33290,surprise
33295,angry
33299,fear
333,happy
33301,happy
33302,happy
33308,fear
33316,surprise
33317,sad
33319,happy
33320,sad
33322,happy
33326,surprise
33329,fear
33331,happy
3334,sad
33343,sad
33346,fear
33352,angry
33357,happy
33358,fear
33364,fear
33366,happy
33371,sad
33373,sad
33375,happy
33376,neutral
33378,happy
33381,sad
33390,neutral
33399,sad
33405,sad
33407,happy
33410,angry
33411,surprise
33419,fear
33421,surprise
33423,happy
33440,angry
33444,sad
33450,angry
33452,fear
33455,neutral
33459,angry
33460,happy
33463,happy
33468,sad
33471,neutral
33490,angry
33492,fear
33494,neutral
33514,neutral
33516,sad
33518,happy
33519,happy
33523,sad
33525,happy
33526,neutral
33530,fear
33533,happy
33535,fear
33538,angry
3354,surprise
33544,fear
33548,fear
33559,neutral
33560,happy
33561,disgust
33564,sad
33573,fear
33587,fear
336,surprise
33608,sad
33609,sad
33610,happy
33617,sad
33628,sad
33633,sad
33636,happy
33640,sad
33642,neutral
33644,fear
33648,sad
33660,happy
33666,angry
33667,surprise
33670,disgust
33673,fear
33674,happy
33675,sad
33677,happy
33686,sad
33690,happy
33691,neutral
33693,fear
33699,neutral
3370,happy
33701,fear
33710,surprise
33718,sad
33727,happy
33729,angry
33736,happy
33745,surprise
33747,sad
3375,neutral
33757,happy
33759,surprise
33762,sad
3377,fear
3378,sad
33780,sad
33785,happy
33786,neutral
33789,surprise
33794,fear
338,neutral
33800,neutral
33802,happy
33806,sad
33807,neutral
33809,angry
33813,sad
33819,neutral
3382,neutral
33820,sad
33829,happy
33842,happy
33853,angry
33855,angry
33856,neutral
33858,neutral
33863,neutral
33865,neutral
33870,neutral
33874,happy
33879,surprise
33880,neutral
33890,neutral
33894,fear
3391,fear
33915,neutral
33917,happy
33919,sad
3392,happy
33924,neutral
33926,neutral
3393,sad
33933,happy
33935,sad
33936,neutral
33938,happy
33940,fear
3395,neutral
33962,fear
33965,happy
33977,neutral
33981,happy
33987,sad
33988,sad
33993,neutral
33995,angry
33997,surprise
33998,angry
33999,happy
340,fear
34004,surprise
34015,happy
3402,neutral
34022,sad
34024,surprise
3403,happy
34034,surprise
34036,fear
34037,neutral
34039,surprise
3404,neutral
34040,neutral
34049,happy
34057,fear
34059,neutral
34063,neutral
34070,sad
34072,surprise
34087,happy
34088,fear
3409,happy
34093,neutral
34097,fear
34098,happy
341,happy
3410,happy
34100,neutral
34102,happy
3411,happy
34117,happy
34119,happy
3412,angry
34120,sad
34121,fear
34129,happy
34131,fear
34134,fear
34138,happy
3414,happy
34143,fear
34151,neutral
34161,neutral
34162,angry
34170,sad
34175,neutral
34176,fear
34178,angry
34184,angry
34195,sad
34201,fear
34205,neutral
34212,happy
34219,happy
3422,happy
34226,happy
3423,surprise
34234,neutral
34237,surprise
34238,sad
34242,sad
34244,happy
34250,angry
34252,neutral
34257,happy
34259,happy
34269,happy
34272,neutral
34277,sad
34279,angry
34288,fear
34295,sad
34302,neutral
34308,neutral
3431,fear
34316,happy
34324,neutral
34325,fear
3433,angry
34335,angry
34352,fear
34356,neutral
34359,happy
34361,happy
34363,sad
34375,happy
34382,fear
34385,sad
34386,happy
34387,angry
34396,fear
34397,sad
34400,surprise
34408,fear
34412,happy
34413,sad
34415,neutral
34416,happy
34427,angry
34432,disgust
34435,happy
34437,angry
34439,surprise
34448,angry
3445,neutral
34462,fear
34464,sad
34465,angry
34468,happy
3447,happy
34471,fear
34474,neutral
34477,sad
34483,sad
3449,angry
34498,happy
34505,angry
34507,happy
34509,neutral
34510,happy
34513,angry
34519,happy
3452,happy
34522,neutral
34526,sad
34530,fear
34533,fear
34539,happy
34545,happy
34546,fear
34555,angry
34557,surprise
34567,happy
34569,angry
34581,angry
34585,neutral
34592,angry
34596,fear
34598,happy
34599,happy
34600,happy
34605,neutral
34610,sad
34612,neutral
34613,sad
34620,angry
34629,surprise
34633,sad
34644,sad
34645,fear
34649,happy
3465,happy
34656,happy
34659,surprise
34664,sad
3467,angry
34673,fear
34674,surprise
34675,fear
34679,sad
34685,neutral
34688,happy
34694,angry
34714,fear
3472,angry
34720,happy
34722,surprise
34724,happy
34730,angry
34737,happy
34753,happy
34755,surprise
34756,neutral
34759,happy
34761,happy
34768,happy
3477,happy
34772,happy
34778,angry
34787,surprise
34788,sad
34798,fear
34799,angry
34813,surprise
34820,fear
34827,sad
34829,neutral
34836,angry
34840,happy
34841,happy
34844,surprise
34854,neutral
34861,happy
34870,surprise
34875,neutral
34878,surprise
34879,surprise
34897,angry
34904,surprise
34905,happy
34913,sad
34917,fear
3492,angry
34920,sad
34926,surprise
34941,sad
34945,fear
34965,happy
34968,fear
34969,happy
34972,neutral
34978,fear
34979,neutral
34984,surprise
34985,happy
34986,surprise
34988,surprise
34991,angry
350,sad
35009,angry
35010,neutral
3502,angry
35022,fear
35028,angry
35030,neutral
35034,surprise
35039,angry
35041,angry
35043,sad
35049,surprise
35058,sad
35059,angry
3506,neutral
35063,surprise
35075,neutral
3508,sad
35083,surprise
35084,neutral
35101,happy
35108,neutral
35116,sad
35117,happy
35118,surprise
35120,sad
35121,fear
35129,neutral
35131,sad
35142,happy
35144,happy
35145,angry
35148,angry
35149,fear
35151,surprise
35153,happy
35154,surprise
35156,neutral
35162,angry
35163,happy
35177,fear
3518,fear
35183,neutral
35192,sad
35194,sad
35199,happy
35200,happy
35201,surprise
35202,fear
35207,fear
35209,neutral
3521,angry
35210,happy
35212,surprise
35214,happy
35216,neutral
3522,fear
35226,neutral
35229,neutral
35230,fear
35237,surprise
35238,surprise
35241,neutral
35250,angry
35255,angry
35257,fear
35261,sad
35267,neutral
35276,fear
35279,neutral
35291,happy
35297,neutral
35298,fear
35318,fear
35321,fear
35322,fear
35332,happy
35334,angry
35341,angry
35346,happy
3535,neutral
35355,fear
35356,neutral
35362,sad
35363,fear
35364,happy
35369,happy
3537,fear
35370,happy
35372,happy
35375,surprise
35376,disgust
3538,happy
35384,fear
35386,happy
35387,surprise
35394,happy
35399,sad
35400,neutral
35407,fear
35408,neutral
35410,sad
35411,neutral
35425,angry
35427,fear
3543,happy
35439,neutral
35447,fear
35453,fear
35454,happy
3546,fear
35481,happy
35484,neutral
35497,happy
35511,fear
35514,angry
35520,happy
35524,surprise
35528,angry
35530,happy
35536,sad
35541,sad
35546,neutral
35547,happy
35552,fear
35559,happy
35567,neutral
35576,neutral
3558,angry
35580,fear
35582,happy
35592,fear
35598,happy
356,happy
35603,happy
35605,fear
35608,sad
35615,fear
35628,sad
35629,fear
35639,sad
3564,sad
35644,happy
3565,angry
35657,sad
35659,neutral
3566,neutral
35664,fear
35669,neutral
35677,happy
35681,surprise
35682,fear
35684,surprise
35685,neutral
35688,surprise
35691,angry
35697,surprise
35698,happy
3570,neutral
35704,sad
35707,sad
35709,angry
35721,happy
35724,fear
35731,sad
35737,sad
3574,fear
3575,sad
35753,fear
35754,happy
35755,neutral
35757,surprise
35764,happy
35767,happy
35768,sad
35771,fear
35775,fear
35787,happy
35790,surprise
35792,happy
35794,happy
35802,angry
35804,happy
35805,sad
35809,angry
35812,angry
35820,neutral
35823,surprise
35828,sad
35833,surprise
3584,neutral
35850,happy
35851,neutral
35852,neutral
35856,sad
35857,fear
35860,happy
35869,happy
35872,neutral
35873,fear
35881,angry
35884,happy
359,angry
3590,happy
3599,sad
3600,fear
3601,sad
3603,fear
3607,surprise
3610,happy
3632,sad
3634,happy
3635,neutral
3645,sad
3647,sad
365,angry
3653,happy
366,happy
3661,fear
3662,happy
3663,angry
3675,surprise
3690,surprise
3691,surprise
370,happy
3700,neutral
3709,surprise
3714,neutral
3719,neutral
3722,surprise
3729,happy
3731,sad
3736,fear
3739,fear
3742,sad
3755,surprise
3756,surprise
3763,happy
3765,fear
3766,neutral
3767,neutral
377,sad
3772,neutral
3778,angry
3783,neutral
3785,neutral
3792,happy
3795,neutral
38,angry
3802,angry
3811,happy
3818,happy
3819,fear
3825,sad
3836,sad
3837,fear
3839,sad
3842,happy
3855,sad
3858,surprise
3862,neutral
3869,sad
3870,neutral
3874,happy
3875,happy
3878,fear
3891,angry
3899,happy
3906,happy
3909,neutral
3913,angry
3922,sad
3925,surprise
3929,fear
3932,neutral
3951,sad
3953,sad
3958,sad
3959,angry
3969,happy
3972,sad
3977,happy
3978,happy
3982,neutral
3985,fear
3986,neutral
3988,sad
4002,sad
4004,angry
4015,angry
4029,happy
4033,fear
4036,surprise
404,sad
4040,sad
4041,happy
405,neutral
4060,sad
4062,angry
4064,happy
4072,sad
4076,surprise
4077,angry
4080,surprise
4084,sad
4086,surprise
4090,happy
4094,happy
4098,neutral
41,fear
4100,neutral
4107,happy
4114,happy
4124,fear
413,surprise
4130,neutral
4133,neutral
4137,angry
414,fear
4156,angry
4159,happy
4165,happy
4169,happy
4174,happy
418,sad
4182,happy
4185,sad
4194,fear
4196,happy
4199,surprise
4200,happy
4207,sad
4217,neutral
422,sad
4223,angry
4226,neutral
4229,angry
4233,angry
4234,fear
4242,fear
4243,surprise
4248,happy
4264,happy
4265,fear
4269,happy
4274,sad
4284,surprise
4289,happy
4295,neutral
4296,neutral
4306,sad
4308,fear
4312,angry
4314,angry
4316,fear
4317,fear
4324,happy
4328,neutral
4339,neutral
4340,sad
4345,surprise
4347,surprise
4349,happy
435,surprise
4352,happy
4363,happy
4366,neutral
4372,neutral
438,surprise
4380,sad
4381,sad
4384,angry
4389,neutral
4390,fear
4394,happy
4396,fear
4397,fear
44,fear
440,surprise
4411,fear
4412,neutral
4415,happy
4431,surprise
4433,happy
4441,fear
4443,neutral
4449,sad
4453,fear
4459,sad
446,surprise
4468,angry
4480,happy
4481,disgust
4482,sad
4485,angry
4486,surprise
449,neutral
4492,happy
4502,fear
4506,happy
4513,surprise
4516,surprise
452,happy
4523,fear
4526,happy
4534,sad
4536,surprise
454,fear
4540,happy
4547,angry
4549,angry
4552,sad
4553,neutral
4558,happy
4563,fear
4570,angry
4572,sad
4573,neutral
4574,neutral
4576,happy
4579,angry
4580,fear
4589,happy
4594,angry
4596,sad
460,sad
4606,angry
4607,happy
4615,angry
4616,angry
4620,happy
4621,surprise
4624,neutral
4634,happy
4636,surprise
4637,angry
4640,happy
4649,neutral
4650,surprise
4653,fear
4657,happy
4660,happy
4665,angry
4666,neutral
4670,angry
4672,neutral
4685,surprise
4697,fear
4698,surprise
4700,angry
4714,fear
4734,sad
4736,neutral
4737,sad
4748,angry
4751,fear
4752,neutral
4764,sad
4770,neutral
4771,fear
4777,sad
478,fear
4786,happy
4791,angry
4793,fear
4797,happy
4802,angry
4803,happy
4807,surprise
4811,sad
4814,happy
4821,fear
4825,neutral
4827,happy
4829,sad
483,sad
4832,fear
4849,happy
485,sad
4858,fear
4860,happy
4868,neutral
487,happy
4870,sad
4878,sad
4883,neutral
4888,fear
4895,surprise
4901,angry
4910,happy
4912,neutral
4917,happy
4935,happy
4937,sad
4940,neutral
4948,happy
4951,fear
4953,neutral
4958,happy
4975,fear
4979,angry
4980,happy
4986,surprise
4987,fear
4988,happy
4996,happy
4998,neutral
500,fear
5004,sad
5006,happy
5008,neutral
5010,sad
5023,angry
5037,surprise
504,angry
5046,neutral
5048,sad
505,sad
5053,neutral
5055,sad
5056,sad
5058,happy
5060,happy
5061,surprise
5062,happy
5064,sad
507,fear
5073,neutral
5074,sad
5077,surprise
508,surprise
5085,angry
5087,neutral
5089,happy
5097,sad
51,neutral
5100,neutral
5101,fear
5102,happy
5107,sad
5110,fear
5116,sad
5117,fear
5127,happy
5138,surprise
5147,sad
5154,neutral
5166,fear
5170,neutral
5176,happy
5177,happy
5178,angry
518,fear
5184,angry
5186,neutral
5209,happy
521,sad
5220,angry
5222,surprise
5224,fear
5229,angry
5233,angry
5244,sad
5253,fear
5258,neutral
5259,sad
5263,fear
5264,happy
5267,happy
5269,happy
527,happy
5278,happy
5279,happy
5283,fear
5289,fear
5293,surprise
5303,neutral
531,sad
5310,surprise
5312,sad
5317,angry
5318,sad
5323,neutral
533,angry
5340,happy
5345,neutral
5356,happy
5360,happy
5361,fear
5374,sad
5375,surprise
538,sad
5385,sad
5400,angry
541,fear
5417,happy
5419,fear
542,neutral
5422,surprise
5432,sad
5434,fear
5435,angry
5444,happy
5445,neutral
5446,fear
5449,neutral
5450,surprise
5452,happy
5459,fear
546,happy
5466,neutral
5468,happy
547,neutral
5472,angry
5477,happy
5490,sad
5493,fear
551,sad
5513,surprise
5514,fear
5519,angry
5523,sad
5527,sad
553,fear
5530,surprise
5536,neutral
5548,sad
5549,neutral
5558,neutral
5560,fear
5561,fear
5564,angry
5567,sad
5570,angry
5582,neutral
5591,happy
5594,happy
5595,surprise
5607,sad
5610,neutral
5618,happy
5622,fear
5629,neutral
5636,fear
5637,angry
5638,surprise
5642,fear
5651,sad
5654,happy
5664,surprise
5674,happy
568,happy
5687,neutral
5689,sad
5694,happy
5695,neutral
5705,sad
5706,fear
5708,angry
5710,sad
5713,sad
5714,happy
5715,fear
5717,angry
5719,happy
5724,neutral
573,disgust
5732,angry
5736,surprise
5739,fear
5748,angry
5749,neutral
5753,happy
5766,sad
5771,surprise
5778,angry
5780,angry
5783,happy
5784,angry
5792,sad
5797,happy
580,sad
5800,happy
5807,surprise
5809,surprise
5810,sad
5811,neutral
5812,happy
5822,sad
5831,angry
5835,angry
5836,sad
584,sad
5853,neutral
5855,fear
5857,happy
5858,sad
5859,sad
5865,happy
5883,angry
5888,sad
589,happy
5891,happy
5893,sad
5902,angry
5904,happy
5910,sad
5912,neutral
5919,happy
5931,sad
5938,happy
594,happy
5942,happy
5943,surprise
5953,fear
5954,happy
5957,angry
596,neutral
5961,happy
5962,angry
5968,surprise
5976,neutral
5977,happy
5984,neutral
5988,neutral
5989,angry
5992,fear
5995,fear
5997,angry
60,sad
6009,sad
601,neutral
6017,angry
6025,sad
6029,happy
6033,neutral
6035,sad
6037,fear
6045,happy
6046,neutral
6050,surprise
6052,fear
6054,fear
6059,fear
6062,angry
6064,angry
6075,angry
6078,happy
608,sad
6088,sad
6091,fear
6095,happy
6103,neutral
6106,sad
6109,neutral
6110,happy
6119,angry
6123,happy
6129,angry
613,neutral
6136,sad
6137,happy
6149,sad
615,fear
6152,happy
6153,happy
6155,neutral
6158,neutral
6167,surprise
6169,happy
6175,happy
6176,angry
6179,fear
6180,sad
6183,sad
6184,surprise
6187,happy
6193,happy
62,happy
620,happy
6206,angry
6214,surprise
6215,neutral
6216,surprise
6217,angry
6219,surprise
6225,angry
6231,disgust
6232,happy
6236,happy
624,sad
6246,happy
6247,fear
6265,happy
6272,neutral
6274,angry
6278,surprise
628,neutral
6283,angry
629,happy
6304,sad
6309,surprise
6311,happy
6312,sad
6321,happy
633,neutral
6343,angry
6345,fear
6346,happy
6347,angry
6351,happy
6353,angry
6360,surprise
6364,happy
6365,neutral
6366,fear
6368,happy
6375,angry
6378,happy
6388,fear
639,neutral
6390,fear
6394,happy
6397,sad
6400,sad
6403,happy
6410,angry
6412,fear
6415,surprise
6416,happy
6420,angry
6425,surprise
6426,sad
6427,surprise
644,neutral
6444,happy
6449,angry
6457,happy
6459,surprise
6467,fear
6469,neutral
647,fear
6471,angry
6473,happy
6484,angry
649,happy
6492,angry
6495,happy
65,neutral
6500,happy
6502,neutral
651,neutral
6515,sad
6518,surprise
6521,angry
6522,happy
6527,neutral
6529,sad
6532,sad
654,happy
6547,angry
655,sad
6551,fear
6555,happy
6557,neutral
6561,angry
6563,angry
6566,fear
657,happy
6577,happy
6580,angry
6581,angry
6584,surprise
659,sad
6598,surprise
6599,sad
6603,surprise
6608,neutral
6616,sad
6618,neutral
662,neutral
6621,fear
6645,sad
6647,surprise
665,sad
6652,angry
6660,sad
6664,neutral
6677,happy
6686,happy
6689,happy
6691,happy
670,surprise
6700,happy
6703,neutral
6710,sad
6711,happy
6716,surprise
6720,happy
6726,sad
673,neutral
6732,fear
6735,sad
6739,neutral
674,neutral
6744,neutral
6745,sad
6747,angry
675,surprise
6759,happy
676,neutral
6766,angry
6771,angry
6776,happy
6784,happy
6792,happy
6797,fear
680,sad
6808,fear
6809,happy
681,happy
6811,happy
6813,neutral
6814,happy
6818,happy
6833,sad
6836,fear
6842,neutral
6860,sad
6865,happy
6869,neutral
6876,sad
6877,happy
688,sad
689,fear
6890,angry
6891,neutral
6897,sad
690,happy
6901,neutral
6902,neutral
6904,fear
6909,fear
6914,happy
6915,fear
692,surprise
6923,angry
6926,sad
6928,surprise
693,sad
6930,fear
6934,sad
6935,happy
6955,angry
6957,sad
6960,sad
6964,sad
6965,angry
6966,surprise
6973,fear
6977,happy
6988,fear
6989,happy
70,sad
7008,surprise
7009,neutral
7015,angry
7017,neutral
7020,happy
7024,surprise
7026,happy
7027,sad
7029,fear
7030,happy
7032,happy
7037,neutral
7038,fear
7039,sad
7056,happy
7065,happy
7068,disgust
7077,happy
7080,happy
7092,sad
7100,neutral
7102,angry
7103,neutral
7110,happy
7116,happy
7119,fear
712,fear
7121,sad
7129,happy
7131,angry
7136,fear
7146,sad
7150,happy
7153,surprise
7158,fear
7159,happy
7162,happy
7165,sad
7174,happy
7182,surprise
7191,happy
7192,angry
7198,happy
7200,happy
7203,surprise
721,happy
7211,surprise
7219,neutral
7220,neutral
7232,fear
7239,fear
7244,happy
7245,happy
7253,happy
7254,neutral
7257,angry
726,sad
7261,fear
7268,sad
727,happy
7270,fear
7271,angry
7273,happy
7274,sad
7275,happy
7284,fear
7287,fear
729,sad
7291,sad
7292,sad
7299,angry
73,fear
7301,happy
7302,fear
7305,fear
7333,happy
7335,sad
7337,sad
7348,fear
7350,fear
7361,sad
7366,happy
7371,happy
7376,fear
7379,surprise
738,sad
7392,happy
7394,neutral
7398,neutral
7400,sad
7405,surprise
7406,angry
7409,angry
741,fear
7413,happy
7425,sad
7430,sad
7441,happy
7455,disgust
7459,surprise
7462,neutral
7466,fear
7475,neutral
7490,sad
7492,sad
7502,sad
7511,angry
7512,fear
7517,angry
7531,neutral
7532,happy
7536,sad
7537,angry
7542,fear
7548,happy
7550,sad
7551,angry
7559,fear
7561,neutral
7562,surprise
7566,fear
7569,sad
7571,neutral
7580,neutral
7582,surprise
7588,neutral
7589,happy
759,surprise
7590,happy
7592,disgust
7599,fear
7603,happy
761,sad
7618,sad
7623,sad
7626,surprise
7630,neutral
764,neutral
7655,angry
7659,fear
766,sad
7664,angry
7668,neutral
767,sad
7672,happy
7674,happy
7675,sad
7679,angry
7680,happy
7681,fear
7684,neutral
7700,happy
7702,happy
7712,angry
7713,happy
7717,neutral
7724,happy
7729,angry
7737,fear
774,surprise
7748,fear
7749,sad
7753,happy
7755,sad
7756,fear
7761,surprise
7762,happy
7765,sad
7772,neutral
7773,neutral
7774,sad
7776,fear
7777,angry
7786,surprise
7788,surprise
7793,sad
78,surprise
7804,happy
7806,neutral
7811,sad
7813,happy
7815,happy
7819,sad
7823,fear
7827,neutral
783,sad
7831,happy
7835,disgust
7845,happy
7846,sad
7848,sad
7865,surprise
7871,happy
7874,surprise
7875,happy
7877,sad
7878,neutral
788,surprise
7881,angry
7886,happy
7892,happy
7894,sad
7903,neutral
7905,happy
7916,surprise
7919,sad
7926,surprise
7932,neutral
7937,happy
794,fear
7943,sad
7948,happy
7953,angry
7957,happy
7962,fear
7963,angry
7975,happy
7976,sad
7979,angry
798,sad
7980,happy
7986,neutral
8,happy
80,happy
800,neutral
8000,angry
8001,angry
8003,happy
8016,angry
8020,happy
8021,happy
8027,neutral
8034,happy
8035,fear
8039,sad
8040,fear
8042,surprise
8043,fear
8049,happy
8052,angry
8054,sad
8056,happy
8063,surprise
8065,sad
8067,happy
807,neutral
8076,neutral
8082,happy
8083,sad
8086,happy
8089,neutral
8096,angry
8098,sad
8099,fear
8102,sad
8103,neutral
8105,neutral
8115,surprise
8119,fear
8130,angry
8137,surprise
8141,fear
8143,surprise
8146,surprise
8151,angry
816,angry
8163,neutral
8164,sad
817,sad
8173,surprise
8177,happy
8178,fear
8179,angry
8188,happy
8197,neutral
8203,neutral
8211,neutral
8216,angry
822,fear
8223,sad
8228,happy
8233,neutral
8238,sad
8239,happy
8240,fear
8247,neutral
8252,sad
8262,neutral
8264,neutral
8266,sad
8267,happy
8268,happy
8275,sad
8276,happy
8280,neutral
8284,neutral
8293,happy
8295,neutral
8299,neutral
8301,happy
8303,happy
8309,happy
8316,happy
8322,neutral
8329,surprise
8331,happy
8333,happy
8334,happy
8338,happy
8347,sad
8350,fear
8352,happy
8355,happy
8373,neutral
838,neutral
8389,neutral
8390,neutral
8392,neutral
8402,sad
8404,surprise
841,neutral
8410,happy
8415,happy
842,angry
8421,surprise
8424,angry
843,fear
8430,sad
8433,fear
8434,happy
8439,neutral
8449,happy
8454,sad
8457,happy
8471,neutral
8473,angry
8474,fear
8478,happy
8481,sad
8483,neutral
8489,surprise
8498,neutral
85,happy
8516,sad
8525,angry
8536,sad
8539,happy
854,fear
8548,happy
855,neutral
8555,neutral
8556,angry
8559,happy
856,happy
8580,neutral
8581,happy
8585,disgust
859,fear
8593,sad
8599,fear
861,angry
8611,angry
8614,sad
8637,fear
8639,neutral
8645,fear
8649,neutral
8657,fear
8659,angry
8661,neutral
8662,happy
867,fear
8672,sad
8677,happy
8682,happy
8685,angry
8687,sad
8691,fear
8694,angry
8702,fear
8704,happy
8718,fear
8719,sad
872,fear
8724,sad
8726,fear
873,happy
8734,happy
8736,surprise
8738,fear
8753,happy
8754,fear
8756,happy
8761,happy
8762,neutral
8763,fear
8768,happy
8782,sad
8788,neutral
8795,happy
8797,sad
880,sad
8802,happy
8814,happy
8818,surprise
8820,happy
8834,fear
8837,sad
8842,neutral
8851,angry
886,angry
8861,happy
8862,sad
8863,surprise
8864,happy
8868,neutral
8876,sad
8880,happy
8886,surprise
8892,sad
8893,disgust
8902,angry
891,neutral
8915,happy
8916,happy
8919,happy
8925,sad
8928,surprise
8940,happy
8946,fear
8948,angry
895,neutral
8953,sad
8955,sad
8958,happy
8960,happy
8969,fear
897,happy
8973,surprise
8976,neutral
898,sad
8980,neutral
8993,happy
9005,happy
9006,fear
9011,neutral
9012,angry
9016,angry
9017,surprise
9021,fear
9028,fear
9037,surprise
9040,angry
9043,neutral
9046,neutral
9050,sad
9059,sad
906,sad
9060,sad
9066,sad
9069,fear
9070,happy
9071,happy
9073,angry
9082,fear
9085,happy
9087,fear
9094,happy
9099,neutral
9100,angry
9101,fear
911,sad
9118,surprise
9119,surprise
9128,neutral
913,happy
9141,surprise
9142,neutral
9147,happy
9149,neutral
915,surprise
9152,sad
9156,happy
9162,surprise
9167,happy
917,sad
9170,neutral
9171,neutral
9174,happy
9179,sad
9180,happy
9202,happy
9205,fear
9206,happy
9209,sad
9219,fear
922,neutral
9221,neutral
9222,happy
9232,surprise
9235,angry
9238,happy
9246,fear
9251,fear
9252,neutral
9261,fear
9266,surprise
9267,fear
9272,happy
9273,surprise
9276,fear
9281,sad
9286,sad
9288,sad
9292,neutral
9293,sad
9297,angry
9302,sad
9309,surprise
9324,happy
9327,neutral
9331,angry
9333,fear
9335,neutral
9338,angry
9355,fear
9356,fear
9360,happy
9367,surprise
9369,surprise
9370,angry
9371,happy
9380,angry
9381,happy
9387,angry
9392,happy
9400,fear
9405,happy
9412,sad
9415,neutral
9416,happy
942,happy
9420,neutral
9434,fear
9437,happy
9442,happy
9450,sad
9453,sad
9454,sad
9457,angry
9459,happy
9460,disgust
9463,neutral
9465,neutral
9467,angry
947,surprise
9473,happy
9474,angry
9476,happy
9477,sad
9486,happy
949,sad
9498,sad
9499,surprise
9504,fear
9507,neutral
9508,sad
951,happy
9538,happy
9541,surprise
9542,sad
9543,neutral
9546,fear
9548,happy
9560,fear
9567,sad
9570,happy
9571,happy
9598,sad
9599,happy
9602,sad
9605,sad
9606,angry
9611,fear
9615,fear
9630,surprise
9640,sad
9644,surprise
966,sad
9681,surprise
9687,happy
9689,sad
9691,happy
9693,sad
9698,neutral
9701,sad
9712,fear
9713,neutral
9715,angry
9718,sad
973,happy
9748,angry
9769,angry
977,angry
9773,neutral
9774,happy
9776,happy
9785,fear
9786,happy
98,neutral
9800,neutral
9802,angry
9803,neutral
9806,surprise
9811,neutral
9830,happy
9833,sad
9838,happy
9841,sad
9842,happy
9845,happy
9853,fear
9862,neutral
9864,sad
9865,angry
9867,fear
987,sad
9874,neutral
9878,sad
9884,fear
9885,sad
9889,neutral
9890,angry
9893,happy
9897,happy
9898,sad
9901,happy
9923,angry
993,fear
9931,angry
9933,happy
9936,happy
9975,neutral
9977,happy
9979,happy
9982,sad
9984,sad
9993,happy
